observation,PC1,PC2,PC3,PC4,PC5
1,2.230410346634842,1.9783235201554201,-1.6369701605829299,-3.3465776587692324,-0.45880659388574435
2,2.0595283548013295,1.814619005631988,-0.585119257834837,-2.393257756615376,-0.3844366324686749
3,2.2577384337983646,1.768721121942042,-2.0755812481138407,-2.6159926656083483,-0.602478384267068
4,2.1790684566224368,2.0558849660781977,1.5236649743229724,-2.645189798631153,0.042192120992519073
5,2.012862698058424,2.0841683145252756,1.2743062314259272,-3.276109911739807,-0.22087325749592265
6,2.07996050272849,1.8097180638968007,-1.5396314967612095,-2.6882180775886195,-0.42984996802479725
7,1.8157242680636103,2.0654534126746995,-1.6501608732510389,-4.176326251867502,-0.1926080864422804
8,2.131377057837046,2.010325508713077,-1.750932027829022,-3.7069298694208297,-0.468115643274007
9,2.215886431515333,2.143428472869255,2.5223704550092356,-2.9516361379858314,0.06228359256301735
10,2.1172189517437014,1.8957857939805967,-0.413739843151333,-2.9804631239192236,-0.32158350419340775
11,1.9079872097352706,1.7966168134575455,-1.855737518433736,-3.08441094543247,-0.2216151878932358
12,1.9277987564699317,1.83989288581218,-1.2278540412496657,-3.329260007370687,-0.08178274944218794
13,1.9618262848146677,1.9795754737041877,-1.2134403795791895,-3.064178723896076,-0.4333186681755851
14,2.143997105456899,2.1425701922811524,2.246660988621711,-2.988986602867016,-0.39888158896498277
15,2.162321741165014,2.208927791170721,0.987619353126301,-3.553179361362609,-0.26078773722118176
16,1.951614436511052,1.993601133414227,0.4187588363150532,-3.0646419695912495,-0.24073828453956791
17,2.119426250028209,2.106967372055176,1.5033401292605648,-3.1489018225711134,0.007482526124316326
18,2.002781949887579,2.0432389216732716,-0.8201015850628127,-3.3611066155386693,-0.31595602444759985
19,2.042355579714804,2.2349814410416338,1.781376109461844,-3.405337755385158,-0.11772699797042545
20,1.8833498102415396,1.8469132398990056,-0.9710320571083766,-2.6013675207700864,0.01298995402402868
21,2.1074790425659478,2.3229358379089025,0.9773755229395674,-4.031386315782805,0.0750900698741952
22,2.179515423436549,2.2186307695955643,0.9030786186124509,-3.8833714307068443,0.16142068994591371
23,2.039573856596586,2.0800968847632952,0.7920248695913523,-3.0901348735710994,-0.12153359107183759
24,1.9662765972408778,2.005086307014516,-0.46220248531512226,-3.13528018559753,0.05197864732123391
25,2.131772191050111,2.0263711133717175,1.2292904825910846,-2.4223835372769043,-0.2155748314702664
26,2.021753995503064,2.2900810330536516,2.160253878274399,-3.5581541190889694,0.05402065757239795
27,2.249002513432638,2.0510336202320025,-2.0402539334018446,-3.7220056619542357,-0.2025565363338982
28,2.1541859887860997,1.8087912370915233,-1.0633903948181802,-2.5549662724235995,-0.3722659428030231
29,2.0218331518566073,1.69394751387867,-1.3196262067870472,-2.6106204669924176,-0.05316261476020169
30,2.1743530280404646,1.9764491199533034,1.5949608154251278,-3.3758959493128575,0.37187082859835247
31,2.1272522855192015,1.8149994221610033,-0.6112767983589218,-2.534154750800214,-0.03124777296541306
32,2.1587925130693124,1.8604695819176909,-1.6229642902785357,-3.160927803501747,0.06646304322550597
33,2.167612270916502,1.9859200292070327,1.160581781751825,-3.1627239084089873,0.20880224923770319
34,2.2813924306037547,1.96055298491145,0.8904244720911636,-2.900524265462622,-0.4873451761950185
35,2.035749178185353,1.8223313610263931,-1.1053309843050132,-3.020280892417118,-0.2765876616446101
36,2.281258102739286,1.8820452946735826,0.8302131620872033,-2.8025589855590507,0.23186662355492182
37,2.008461047474946,1.6413849458774674,-1.804043400730559,-2.320321787692344,-0.10325248001828809
38,2.1819864970226983,1.8544575984711398,-1.7903609639671512,-3.169282356392385,-0.333996112009392
39,2.0869869245847448,1.7505610730130112,-1.9055381688873956,-2.8253193635866833,0.227951024743347
40,2.362784226070807,2.106719696331024,1.9459230832981054,-3.2015563249839256,-0.10028389130247589
41,2.2342035098403725,2.0320843920343323,-0.2777686622560477,-3.7205591729629757,0.04290601804037429
42,2.43087501370406,1.9476070403766486,-0.12098360689148077,-3.2279337867687095,-0.3242784189499063
43,2.216159314411362,1.939512357589985,1.508962683202847,-2.9904390449077773,0.12854450092578998
44,2.3059424604423526,1.7567293915252549,-1.471594759845154,-2.667305040319729,-0.24012323487706486
45,2.43267616114159,1.7561064450177757,2.129234420042908,-2.6947901574543947,0.6016986788816987
46,2.350864697545881,1.675010234566184,-0.455491504385178,-2.9797374681159203,0.2157653964450587
47,2.230870246814297,1.817931523258786,1.658307710490065,-2.5158805458623252,0.5194892662673427
48,2.2998431403430253,1.4756441120126758,-1.7393462793062324,-2.609236198829971,0.06863694565351
49,2.1975781879321112,1.8581807137747566,1.6892936796868523,-3.253093166689134,0.49007213028906127
50,2.337226139796606,1.529407942910013,-1.247296286840315,-2.335723244954197,0.13583989118641862
51,2.2920027811372603,1.8004531286424854,2.6233929459354703,-1.9618920348605977,0.44393724154492226
52,2.3583490858847753,1.8069686470672761,2.0647158133281525,-2.7785421515472906,0.44228799193120943
53,2.1739447314543945,1.9610677364694171,1.2264284085776302,-3.5937062343606265,0.24081321929790186
54,2.328921942891807,1.8706851546159287,2.3624040952299454,-2.7610575743004273,0.46010909786932797
55,2.2431816296154805,1.5645517012681494,-2.0041788445709168,-3.0235937339628456,-0.055692849207562845
56,2.4148765991917704,1.7041348425974074,0.7919156849637695,-2.7899867943915386,-0.002696518633701237
57,2.2135377186377703,1.833898991546829,0.9762958462979026,-2.5185485355151203,0.25815742105594497
58,2.2126346612219416,1.7310304210566525,-1.6439943417537248,-3.3772931875901033,-0.06848646535526906
59,2.2857257752912545,1.4497461764591406,0.6123322351855872,-1.903998113860463,0.04986740292676631
60,2.2327584947723578,1.6972264857673092,0.9981255133661691,-2.697706261868227,0.4021448333112526
61,2.3283121953045014,1.679511533688214,2.598833854387575,-2.115590850758804,0.41788756224264945
62,2.1828182849266105,1.4811218163954922,1.207226622088595,-2.628126752063295,0.4435446018018812
63,2.298953189731393,1.401759773713365,-1.9812968324229807,-3.1011106630640763,0.015294854782240831
64,2.2635148088250285,1.423618139395506,1.5200071182288286,-2.372937437929982,0.24937343727107444
65,2.2958639194817887,1.141700314295148,-1.6918671403417167,-2.400347323783872,0.4348242424809622
66,2.2686003538939326,1.192960085032281,-2.019822760576106,-2.5311869498424073,0.13175583190230852
67,2.419073618657174,1.5265152735911904,2.030393625861216,-2.112938398869865,0.1314528704896626
68,2.347831340901823,1.4745055324381406,1.0838937334810637,-1.9556024443805036,0.3706270090597988
69,2.267462613722507,1.2515989463862793,-1.0226368937620967,-2.6371364483503834,0.30876704746883227
70,2.500636900974574,1.2799842435345627,2.2189409227563983,-2.0000589369163975,0.5377472638375648
71,2.358417790817302,1.2275906740440736,-0.7198196484901919,-2.9277371158496024,0.35838451802190424
72,2.4631863880046083,1.4053636641266105,-1.580191593105602,-2.5181580955461067,0.2326845290557819
73,2.5142222751927576,1.6032225374208218,1.1742338428737327,-2.7062224320426886,0.32473102004157073
74,2.1926677149679756,1.2678581968879035,-0.8664279611269212,-2.4012929872154904,0.6435209940933366
75,2.4079075606393623,1.592660932246434,2.6809002833817166,-2.2685097081510004,0.6366026837538462
76,2.4313052621623936,1.6180766339362702,1.8332505148549363,-2.6878068572229306,0.41043818516376207
77,2.390772518212686,1.323534276305707,-1.6851428216654727,-2.2550496322117772,-0.49696931112696296
78,2.4323698984170203,1.1845695196405746,-1.1271453826971725,-2.251771129688142,0.2350506870593729
79,2.472827446010994,1.0836000980945677,-1.9319120178380258,-2.2175878282086874,0.45423050764526623
80,2.346620198780508,1.0997066197422254,-0.147192652106267,-1.836353536900157,0.35579548698133273
81,2.3688451222267117,1.1176591605327129,-1.832014342207453,-2.1894562186424635,0.1705392665937325
82,2.568225153207959,1.2939733610991317,2.172248144263113,-2.0513437024444725,0.5089721299162967
83,2.51764062180871,1.217672108726127,-2.4183395672123895,-2.657564183578077,0.10707470319269743
84,2.6905511565494775,1.248645180906548,-0.17414678581064358,-1.963665908553544,-0.1924376064787963
85,2.4653678880213503,1.4402703973363389,1.9174603663244896,-1.9322670008217413,0.3151862284831479
86,2.4698520793682905,1.2173910264104082,-0.10475828763536425,-1.9810225689136527,0.23361343479596958
87,2.6662545507593833,1.5547400640716622,1.544588890968948,-2.5662000304026913,0.24667319138712396
88,2.6696802240720907,1.21443619127484,-1.3353311395603054,-2.5494359311541404,0.09556701573720719
89,2.586864868096634,1.3218500459235254,1.150922671632585,-2.466556528218694,0.5320722816581622
90,2.6922535750519723,1.2669263923486371,-0.08169375268050402,-1.9349829098239566,-0.17047354298688608
91,2.7981455706340856,0.9660151904562002,-1.744412337631055,-1.9002057659752052,0.036226564487387015
92,2.710049723222878,1.3897772029393631,1.1723211047792979,-1.9977564415248923,0.4799555428908953
93,2.7582477180542835,1.0563592055143918,0.15305723159348505,-1.8279405125884212,0.30960144210903123
94,2.9865987061687336,1.3309323837202796,1.0080706260652468,-1.9591712586799501,0.12045778761066084
95,2.8328098208614403,1.3196776791013343,0.7615179635788701,-2.235128224886618,-0.17156126885890938
96,3.0878721893097376,1.0576915235736173,0.21624977634648862,-1.447972875612959,-0.2009987682431524
97,3.098267997972145,1.2047084493929112,-0.2184284425699356,-2.0620464563087784,-0.2678562111372831
98,2.917770830973524,1.180066355442404,-0.02583006025836593,-1.7078100565125858,-0.11530922092002074
99,2.93811805884074,1.4098007962651569,1.0250914500903467,-2.4095412638578053,-0.1481206997054901
100,2.91252846892655,1.2591304214269183,0.5082677045819074,-1.7100722166023807,-0.23036736050540838
101,3.097385867521589,1.2746215124483693,-1.3321919052093174,-2.080281447713756,-0.42010618119999854
102,3.1956182827688853,1.4954953288902018,1.2770679175641955,-2.138703488277822,-0.1841891341040005
103,3.132369036808663,1.4190263478217913,0.4007254889258115,-1.5576734247474266,-0.6783102520388944
104,3.2640291848073213,1.5304756020213235,0.33115532257732516,-2.1581103649982736,-1.0357985050484428
105,3.235373232429231,1.363571461234812,0.25473338148595803,-1.4622683097965623,-0.6865662228237481
106,3.259577765862858,2.249755646602372,0.023371078589031646,-2.0450729392691778,-1.7767684826680736
107,3.0737597259732463,2.0228045751987116,0.3300734358809439,-1.2834359814404974,-1.2659549986791918
108,3.0811078696920218,1.97448841163877,0.526521182605757,-1.3593758415220456,-1.6378900872140698
109,3.3090658536872373,1.9820985597417564,1.0285714434879427,-1.2578965633040882,-1.3203381170001882
110,3.179089684216727,1.8948555508656257,1.0666244645133256,-1.4375574059666185,-1.3998626931605582
111,3.0750983548428383,1.9589739768405134,-0.7220647461101998,-1.9107566354603809,-1.2485076657667833
112,3.1988521321407926,1.9654138729375636,1.071728097851738,-1.4436578092202388,-1.634831140957638
113,2.9686435370034254,2.103941226586775,1.2563258136326394,-2.1493076087649676,-1.5270348716117204
114,3.0020438869428743,1.9135696178340456,0.18186819594525885,-1.0921406584524798,-1.2798716663167164
115,2.9415749638999,2.0841237753289605,0.001071893144281422,-2.0555120691273587,-1.5854287365260407
116,3.2398748722540853,1.8509745855400763,-0.7420865916909823,-0.8926520404082323,-1.8855090615856323
117,3.2263126916784324,1.781431876983447,-0.08531902110926923,-0.7541142804157853,-1.2354211433727422
118,3.1745439163897764,1.8076096158192558,-0.16109291984569415,-1.2246672174639823,-1.774271458077176
119,3.104617704511786,1.5146187211665905,0.8284256490472479,-1.0526017237324812,-0.9199313569337378
120,3.2433411379852086,1.4902720807549943,0.021963047346744726,-1.1740273682062603,-1.3716834046797681
121,3.250031041181858,1.731643834086893,0.003600729238521051,-1.8934242787502935,-1.0567189109788568
122,3.240530112389486,1.5645904915681654,-0.4061322305021558,-1.1357661566135528,-1.0337624883168142
123,3.2366957500697713,1.6604274634742817,-0.09911624425662169,-1.0685933726989443,-1.5165166868153819
124,3.146537156759118,1.6288739369386454,0.0672069361512115,-1.853936921451817,-0.8574590796073587
125,3.0846738610073703,1.641963967712652,0.6283107449172611,-1.6540170528587643,-1.1472896434850548
126,3.1931917591105448,1.6751804395318737,1.1984093629521688,-1.8010378188708418,-0.877326199831671
127,3.1261364292652067,1.6499529417358343,0.06679743243934577,-1.8979879866765803,-1.2860760191824574
128,3.229896272117451,1.6604722969344818,2.20030090826084,-2.1456503720103073,-0.680896568809838
129,2.974456908249357,1.301456929192019,-0.9591075461300373,-1.9977754947763737,-0.9059129463507729
130,3.1186233189149264,1.4046708435349695,0.7502449475514039,-1.4059875679482787,-0.7676348089565667
131,3.2147147021406304,1.568368413116251,0.7347511459301681,-1.7882632976545791,-1.077312640332582
132,3.0798156146469995,1.499138391876608,-0.5182387150612621,-1.690003523193064,-0.8151193699993614
133,3.087219493521285,1.5399362907821,-0.016071565416554058,-1.5392903812429555,-1.178601838137263
134,3.105843622968543,1.276890833302796,-1.327058223048534,-1.4823284436888875,-1.0618001936052843
135,3.102431122335596,1.3866309530415164,0.8171266962032269,-1.527309205509906,-0.8261160109319551
136,3.051464418738562,1.4313979841456754,0.6166145200673726,-1.5781080922622575,-0.9395369825043386
137,3.238857740403093,1.0005385343130577,-1.2976831228615393,-2.104535437165187,-0.2506691805661213
138,3.1205774490817073,1.1213307810915476,0.34371698860305905,-2.1257106725096975,-0.5956237135867157
139,3.1857401102077194,1.1302166204650006,0.3668379669103184,-1.5200308916082692,-0.6170690185820865
140,3.1143218277847224,1.2175020602981224,1.2250261976700514,-2.361344459606847,-0.5311730028987481
141,3.229726970860138,1.1156752416145572,0.3185538498015498,-1.541762221518376,-0.8259196018325389
142,3.1704989143968265,1.2470531592239529,0.6819652057023272,-1.8364478495723655,-1.2457814233594422
143,3.27146262054669,1.335369080384045,1.2948218952449528,-1.4194427848572135,-0.9852993706937934
144,3.118693505860219,0.9832943423795437,-0.7760460349038735,-1.1035433083968917,-1.0288863942946658
145,3.1753773822946405,1.0677693123125935,1.595812632558214,-1.4219695013872982,0.027664216123845713
146,3.246736174354641,0.975053664743804,-0.3254576120474031,-1.7960865789799036,-0.43190943362871315
147,3.35682299554393,0.9726673758695952,-0.6083224162456442,-2.171211203705334,-0.7746809985432379
148,3.271707739168474,0.9775092119367119,0.3653907428222784,-1.7009693527435932,-0.31584272070471797
149,3.375130574365835,0.8412534321225045,-0.6424962629248404,-2.397020225548339,-0.08938402552335775
150,3.2809957961175065,1.1944275216516054,-0.18837968903361255,-1.820707978527199,-0.6778307162198655
151,3.36184019998043,1.322384600277976,1.9267653785334193,-1.6000557434467289,-0.7099501897239094
152,3.4110465689416856,1.2585658273654803,0.644574851239842,-1.440576946847963,-0.4722583139184865
153,3.4704769344200557,1.1735763321074766,-0.9254106544762921,-1.4930764334443674,-0.9700125923365317
154,3.581312517146807,1.3270368822998782,-0.5538785354122936,-1.2445966094428274,-1.2091580380906546
155,3.3197789467334466,1.1111982606447592,-1.3388984539886148,-1.6085670391457636,-1.171933091146298
156,3.5178607000936815,0.9847337200319579,1.117730159198897,-1.471028208323255,-0.6055147968980782
157,3.5088855271412878,1.001923848963287,0.7127628005934644,-1.8197933699436366,-0.02286862262727447
158,3.445921488841698,1.1723690891038887,0.9065721834539933,-1.3149592860249812,-0.3952280219080639
159,3.5431173515304466,1.2351545025128803,1.0052410642255676,-1.2828513824299042,-1.1236826276345213
160,3.5950994953385065,1.40073785443962,1.9675974598233268,-1.4290772747932095,-0.9225263791750081
161,3.6614943469238153,0.9936720597085691,1.5664809712616585,-0.9476836683589248,-0.7552221201330944
162,3.8952182059617892,1.1232577882795347,1.387975167629167,-1.156746359337548,-0.6386150600993719
163,3.7993543918903745,0.9688771849450181,-0.69782238213462,-1.075411337619877,-1.1192986324427994
164,3.8081854152106467,1.1800601787340392,1.6118853802406519,-0.9332281863589524,-1.2201098414932192
165,3.6388691066752967,1.0118619289509958,-0.9613652797249923,-0.8895517034002802,-1.0617293719597396
166,3.6295147438230337,0.7565389971189341,-1.0035186575311248,-1.7213691677984635,-0.5133446021553533
167,3.7760538713522154,0.5521610249888672,-2.1270925099877216,-1.6718567284290529,-0.7621583189241732
168,3.843903264280858,0.5778568424868854,-1.710430781947148,-1.6900418534604231,-0.6287664519428462
169,3.7973261766170214,0.48200736955060625,-2.2140569942954142,-0.9544481942302908,-0.6328859765180757
170,3.7932257981840167,0.7946939468064526,0.41814709018166457,-1.7425086595009749,-0.790409115415742
171,3.8271310376513825,0.8688298498877115,1.7570009673162963,-1.6668147887366316,-0.6976934325397154
172,3.79886405324776,0.7888763807262831,1.1144422504084501,-1.4321989682488168,-0.5595688263432005
173,3.778175583472299,0.6644414246762056,1.0033603849843193,-1.3672861170072341,-0.13985640752195713
174,3.730157890813213,0.5145497760854351,-0.37316852596926836,-1.1076990373702476,-0.5098138015288383
175,3.847292566204342,0.5290024538791144,-2.4457174006588893,-1.4310032643011414,-0.6244314874483261
176,3.862589348468577,0.9450643237170968,2.4147422998158032,-1.50734627513362,-0.3905898187649484
177,3.629247171900557,0.5209553747355147,-1.0855743993165732,-1.2348044518462251,-0.7210163520490296
178,3.7053404777001657,0.8628710253931654,1.1898385684715065,-0.9854718683581092,-0.7494536177508602
179,3.7289841763767284,0.6802890797668959,-1.931555243966441,-1.2842831309120333,-0.9976807646976819
180,3.522587997234367,0.5319349723227054,-1.0738978909874246,-1.4398895348290168,-0.6156431827128503
181,3.814299376055204,0.8750917578290867,1.9138049552484386,-1.2158617786077492,-0.9424678847242878
182,3.7825932829629085,0.721102332419263,-0.8176180446142739,-0.6516010805944109,-1.598552011914623
183,3.9343883353414917,0.6878059723551972,-1.6905257242087712,-0.7032337224838644,-1.4211227181362984
184,3.7909319612757777,0.845215159780565,0.5375107809593641,-0.6100524951287164,-0.9810885478040183
185,3.992492575937531,0.9010428842040537,-0.5906823302567917,-0.5151531715627221,-1.4433952206223113
186,4.027705051449359,1.0486918766418796,1.4754281324219933,-0.26433465651042304,-1.5780996841404908
187,3.9326975423138926,0.846451528127377,-0.6472869261068023,-0.3516302363281299,-1.4926146945315273
188,4.053619212266777,1.1331579582370468,2.0374653648331984,-0.6737526864135228,-1.4313761254022948
189,4.204513872751444,0.8003529234499587,-1.7715304879333926,-0.4520189204548832,-1.7295900101755142
190,3.951877284317281,0.9089311992275065,-0.7196874399364837,-0.2954981183740465,-1.5612368742590164
191,3.96449709708318,0.7109142211972798,-2.3533533077066076,-0.39232180882790785,-1.8169411298678586
192,3.856807098799238,0.8162594551565195,-1.5278124202794683,0.2585695027875779,-1.80679869895526
193,3.8909009632471365,0.8185067813669794,0.23641120479409125,-0.204746525373081,-1.2873959596322968
194,4.0640118542735015,0.6862328178785595,-1.1222438889274715,-0.38653441425607526,-1.7773940968627058
195,4.137660539663724,0.44184590286175407,-1.7603499566442486,-0.1895598739696839,-1.4882488072835252
196,4.063168851627461,1.0092386945650798,2.0381168968227317,-0.1738830448185195,-1.450498986098379
197,4.016676946809678,0.8222992354601408,-0.6628903753771125,-0.2987037350358766,-2.0475486604432676
198,4.112710177906009,0.9249994500067026,-1.3838669367614198,-0.8883015012050446,-1.761794678086824
199,3.995009183328936,0.9183046379115181,-1.7582955805184797,-1.0854909081449517,-1.5737893757761598
200,4.179199459659488,0.764015584821015,-0.42935129531756616,0.05981124010785851,-2.10265340773194
201,3.9961989445997297,0.8157989981137592,-0.7249021336863957,0.32578657293950125,-1.839258547195067
202,3.765157907861493,1.1639475776399923,2.1865960370948465,0.53150676805958,-1.3360214403641968
203,3.7608269449902405,0.874730388047645,-0.5827180926679963,1.1366177356762988,-1.639279962950113
204,3.8230756102167893,0.8269099207948422,1.1713189678251574,1.0076734049486193,-1.1707751229929864
205,4.2856069490800826,0.47004986563623574,-0.3235111038912778,0.4202110652526118,-1.5154766758480263
206,3.868733100623698,0.6910141923757536,0.9895052532327696,0.34192445122340337,-1.742141210818198
207,4.129731523231918,0.8014494191929326,2.614525535998217,0.07409518872197647,-1.1693708752340506
208,3.9131970626526082,0.48117422836800294,-1.5798217464862465,0.9420346495463908,-1.3450535092369842
209,3.7668232611075787,0.5462384327587927,-1.2883454312378182,0.9207585518836633,-1.4554641664165724
210,3.7852677094315035,0.7191029507285419,1.2778164087701311,0.5586324409554445,-0.6029648515247298
211,3.920147262415414,0.6605902505085782,2.6133591761936965,1.239750515487746,-0.6534315320535347
212,4.077149554385501,0.5711475085008951,-2.7111976132362168,0.31774595072881295,-2.052614232324403
213,4.0796060062847515,0.9329175633860971,-0.3229473264340933,-0.0971858548631712,-2.0824691973180367
214,3.9794290140898507,0.7368988653541845,-1.7299713762245408,0.7843271509123314,-2.2526258757470417
215,4.024156460323803,0.7610100136926066,-0.26565047656888335,0.5384576291699775,-1.9607986894697995
216,4.060052622288267,0.9909304602250069,1.5661738083837127,-0.08452098500403962,-2.0805010053337747
217,4.056233881642865,0.6741512396033789,-1.2312992128450784,1.0908000926803434,-2.00013369973986
218,3.9349487180893727,0.5084921436447964,-0.25602933652637344,-0.5203590044132969,-1.7862671256490528
219,3.67628849879608,0.5425286959439843,0.653414486537017,-0.5139721203921004,-1.4906566443370963
220,3.3648889553692465,0.49800745734567176,0.2796129778506727,0.09427810766947152,-1.1508167587950324
221,3.6654672508641664,0.46079278342531216,0.05954925273706454,-0.04440897626338168,-1.0366840965014532
222,3.7298219773267567,0.4812797531978862,-0.9949492210886851,-0.6720703982429164,-1.0893095255969105
223,3.78770778476897,0.6486439838457928,-0.006729157717145176,0.16554975167370398,-1.6876560659784665
224,3.9619339078050935,0.7475438947354951,-0.4519558038696542,0.2785253127203688,-1.3135723205441259
225,3.942465963935908,0.7633862975813345,-0.10219392414597236,0.38061348966818687,-2.248372322660177
226,3.8655208934087053,0.4366712691044363,1.0446026740955399,0.4480212182455591,-1.094600395219424
227,3.8089934602834647,0.4494295574932749,-0.1461645528116979,-0.3420909989878167,-0.9230161141099239
228,4.001288596357316,0.38200380717670307,0.526097530124508,0.04588099692424468,-1.0643003742391215
229,3.736365793843234,0.9768361970516716,1.423715153698844,-0.26964555189053324,-1.5992584644970147
230,3.7848020094150256,0.6053346324893625,0.05988758144529473,0.49299737497054813,-1.2065464935483776
231,3.8251928033103746,0.5955757037746031,0.5465759427831596,0.614682442054593,-1.7817626471223733
232,3.728952390817705,0.8796418985709861,0.9689916572609928,-0.04123873626262717,-1.4917910952313627
233,3.7384820333448836,0.8690309606748304,0.11530523129703546,0.18239111234039276,-1.6383755199720476
234,3.6811653620031746,0.7834031627295829,0.666531406790695,-0.12578419341425334,-1.424344124965774
235,3.713683108569315,0.6450522519277492,1.1092905638258013,0.4984129030776498,-1.1348806788042145
236,3.715729151448552,0.8896398452993834,0.6086336659817827,-0.32072093362725024,-1.339000650914416
237,3.582953414699643,0.2770244492579085,-0.6774434013023403,-0.4450464375586155,-0.570992160809268
238,3.6023096719198304,0.7120703008622913,0.48896110320180614,-0.9639163463010685,-0.7865594877579977
239,3.4353318545180835,0.5189006185872145,1.1967634645780465,-0.7713474416979887,-0.7289279375172776
240,3.482618921907169,0.3213293532616736,-0.2856000381449296,-0.5029309610398285,-0.9163588644956467
241,3.411534864933382,0.5238012933684271,-0.06069062189407442,-1.2325159037486293,-0.8350982503114363
242,3.3350138260144977,0.4938565102250994,1.445142566829964,-0.42264572296616404,-0.6200639380052594
243,3.488365930520989,0.4637954196913314,0.8998198978536528,-1.054696764386352,-0.3915493886309025
244,3.4592417559075805,0.4169463689101851,0.2719376666385588,-0.934940929326043,-0.5248018967380276
245,3.6730134119048667,0.5038716941582355,-0.07747355094962098,-0.43407398419860294,-1.032252331270825
246,3.59849924216763,0.4478724399168999,-0.9032258828301843,-0.22605464306739745,-1.0221271307506326
247,3.6480352829263656,0.40275845148529044,-0.3997757609459731,0.009252436546966947,-0.6452399787837492
248,3.824209385964568,0.6170017189562521,1.8947799334431392,1.056570921998034,-0.9137162046275101
249,3.85349791620968,0.6160468608556592,0.5256449792266842,0.2454911868039376,-1.264494624157983
250,3.700766401154265,0.5705578317943603,0.057641978207943305,0.5358817996147093,-1.1455997120917736
251,3.8077821318455665,0.8645118122665664,0.3249231227888861,-0.029417800506122672,-1.2926552796376185
252,3.9105695839212427,0.7433946277555643,0.7058099628049073,0.11037216663645164,-0.8501563276308576
253,3.7037255015784623,0.6305534265669236,-1.0305257673786692,0.061906887695272396,-1.1815811345928249
254,3.932311280505092,0.7573718985353737,-0.640275955187796,-0.26554950720659215,-1.2618644923979907
255,3.829391494632326,0.5761179084623189,-0.5312309127607924,0.2557617763584934,-1.2020914734989616
256,3.988176974285827,0.7272940535337703,-0.11170979337068557,-0.24288769224709789,-1.1393943470199497
257,3.734909941888214,0.8768862788510781,1.1040395870576867,-0.30293654984858104,-0.7735199001605612
258,3.8180388967977557,0.6531426649700988,-0.8124694800818718,-0.26138758692974756,-1.4379484581198465
259,4.080179928035747,0.8443536489982078,0.1799236772941961,0.20077418746589124,-1.1845584605083543
260,3.721001196915573,0.8394184559584956,-1.0102177029257566,-0.3613649242278542,-1.3252789022334068
261,3.762711608288425,0.9200670305156491,-1.1656117899601823,-0.7252835461438945,-1.2495060460631822
262,3.707002605386557,0.5016744466338824,-0.14785694103061398,-0.3368568152858654,-1.05685743154913
263,3.7843472848186526,0.6778815807234054,1.1061393869680707,-0.5497787710242806,-0.9263730209407536
264,3.8475284469443265,0.5746990578808028,0.3080591497200294,-0.31355653109962783,-0.8436640162032218
265,3.8595292390518465,0.36836634784471367,-0.19129432831355245,-0.5749430048922205,-0.8721496060735241
266,3.8202496932108576,0.30579146676964364,1.0529992533333214,0.07185938247010046,-0.6755085403021348
267,3.8884720362400085,0.9083375074233365,-0.04712405127608972,-0.8662086208747543,-1.2078893409897795
268,3.7025354732362743,0.5571435885063869,-1.4031248172287496,-0.0713163796566738,-1.1488828745069146
269,3.7664973795328587,0.7088800745012791,0.3375493522816666,-0.3058736864066814,-1.3860390051330072
270,3.8237418306310658,0.8081060551967455,0.6735495091042973,-0.3431969668954569,-1.4859007118763543
271,3.9070171210909677,0.763052894476059,0.69495903007096,0.059375319215723546,-1.3665273687102315
272,4.151607697810023,0.3777008895076469,-1.3402719143775819,0.37660648211868053,-1.3827416331704336
273,4.207390504439109,0.5190135120456252,1.6581256734770937,0.7986576872296197,-1.0972017395459175
274,3.6822459120805324,0.5155127925024442,0.6029638162088007,0.3611973448191383,-0.7232573956955013
275,3.4780653870116294,0.7732518773332466,0.768075747532688,0.8834924975504349,-0.9081167787932308
276,3.6954650127028943,0.8321013831722365,1.4925343036174985,0.8981999030108317,-0.8194246646562089
277,3.8693596560049146,0.8099910593420633,-0.8164593492500146,-0.09453674630424747,-1.6313231069692287
278,3.930971834126,0.6032885819154425,0.9426426939170716,0.5230795196978002,-1.023996360569957
279,3.6985473040205656,0.6827215682749268,-1.0484116725916186,0.039407005560309044,-1.3148566797372694
280,3.7214221767633826,0.5401560993327656,-0.5496941820620078,0.5127213500855198,-0.8249796206038494
281,3.599913650647436,0.6250301325068383,0.6632306857003875,0.728819822070822,-0.764836004689045
282,3.6368658262765585,0.6354497306568068,-0.177315919311281,0.4071847787566521,-0.6735905066180287
283,3.5967010752433035,0.8634314520921126,0.12263990293168947,0.11509596415410216,-1.2102573111983528
284,3.5721683443089813,0.8992441080575378,-0.24118973371892738,0.8470925695520166,-1.3305534595299506
285,3.5831405071679368,1.0119983907608223,0.05565967681908708,0.46760169662272977,-0.9982095075527203
286,3.54691725765654,0.677373179545937,-1.5780121397477977,0.6159195998308097,-0.5837650872304001
287,3.8881515010798497,0.5950472390330169,-0.7584578866689531,1.0241926142320434,-0.764754151951567
288,3.76189177207811,0.6592662031701108,-1.6805213496151679,0.096171200241536,-1.0620280387583947
289,4.015297336090737,0.7035671596275562,1.696473397194918,-0.19618618754276382,-1.030986282481274
290,3.9789553373882574,0.20856278361218278,-1.5829910081250547,0.418121578241535,-1.062295463263848
291,4.001260227184239,0.3864151343874913,-0.7565620798454775,0.03041321553163652,-1.111296620982273
292,4.338192150871876,0.5799757359142627,0.1116696510691391,0.07875085530714997,-1.8299933502623476
293,4.234345945583954,0.6982257682319358,1.2229379783819805,-0.18026261893284282,-1.0548575311930408
294,3.8113553507759246,0.3210940189575413,-0.9702730971691645,0.3474411532825895,-0.27059033464599164
295,3.7552324454075974,0.24602332951424932,-1.832790906511365,0.9827208091507172,-0.7399229610357488
296,4.27057859814737,0.22078419873364635,-0.40254700663047727,0.1974871985288956,-0.8592846483258502
297,3.93658833932785,0.31406362575248387,2.11715774701917,1.1807683209199225,0.2606690992968778
298,4.006595706347973,0.14250186000102424,-0.039296638364300536,0.9745442680735161,-0.2879804016974809
299,4.270578409620444,0.07958914086820609,-0.06355338722428189,0.3433049544224011,-0.6839112116132043
300,4.368986548264386,0.4423893016918527,0.10413347830620866,0.26653932419769805,-1.3795360584105636
301,3.916170347963409,0.5828393299392342,-0.3081729163689015,0.9800553489437778,-1.039706731601359
302,4.1344809974469,0.5801357273218888,2.0217860286927154,0.8138041995604327,-1.1467906228944256
303,3.80034071640499,0.48323872123385453,1.2204373164936735,1.418573061250318,-0.7327526207184207
304,3.980936038756314,0.6737319484228643,2.667381920032576,1.198813197679765,-0.6713870493858031
305,3.9854950887353215,0.2851209190501097,0.4433943434629921,1.3978974090848504,-0.9818509348048152
306,3.9674731757302664,0.4663878827360315,1.8973166524544918,1.3596274998655749,-0.8771453504027921
307,3.7936757926542968,0.3283412056385265,1.4903873723551486,1.4183457701326543,-0.9488833701769862
308,3.8201111913145316,0.38665932297326844,-1.1779889290499375,1.0420340250394677,-1.1672268764581812
309,3.86949601462055,0.5072293196764385,-0.2518371670701034,1.0708779630555432,-0.7705372797955574
310,3.828743851904932,0.32497267997221835,-1.4937391729815954,0.9878798913591897,-0.6842779559329083
311,3.9956115406251778,0.3009985290406312,-1.1238017336290402,1.5503008234891922,-0.6221713822532734
312,3.840591181153285,0.5555105787107967,0.39899716560006876,1.2936456546539554,-1.138522069862918
313,3.8465678626965234,0.33767784053634425,0.1089803472735589,0.6136518795021242,-0.6031228970872724
314,4.065241901531126,0.21112083293776004,-1.0841861024487065,1.2268390999787961,-1.2694015376501528
315,4.038982350293337,0.2369864614428475,-1.3068128476506755,1.045511028636402,-0.7152847828259729
316,3.942032858652763,0.3021858572974383,-0.9699773774297047,1.2295458122744152,-1.1118086084414114
317,3.9911354552676723,0.4311643296858997,0.6437904593479445,1.2898312607598001,-0.7890587138369409
318,3.727925659048919,0.4572868292887875,0.055138432506560614,0.800662695909324,-0.6875421376398123
319,3.7791462151688746,0.5243606768373942,1.0774292123071707,0.8476438017908899,-0.8467807113471068
320,3.811312681111236,0.4784933797326961,1.105983412562902,0.6830555771292157,-0.7754489720397544
321,3.8247614426672305,0.35639524012189533,0.7517883779832775,1.031036589585292,-0.6920815845151123
322,3.6860005821305513,0.41181103083956216,-1.0577371019494588,0.6906086622630896,-0.8851805656277818
323,3.9479145743850323,0.28163529660225173,0.6305257806090744,1.0748704175079926,-1.0881026255444919
324,3.8096437272955956,0.40455341379262144,0.30271237823370734,0.5090008810323541,-0.588781117589377
325,3.7462474944963615,0.24699968249294618,0.042735026386479566,1.0799105122449464,-0.5993356036780818
326,3.594725256222496,0.39137957689950387,0.6671051881734129,0.5707497296139897,-0.5788674342505136
327,3.5941697796136802,0.5551216227242823,0.5398906813091777,0.2641316908932294,-0.34972613897873484
328,3.3999094659327898,0.49169798076394583,-0.04852264701167349,0.21743849749001448,-0.7554330726569952
329,3.2483108108106573,0.3785100670876888,0.41956589743413986,0.8270224994371025,-0.34227944992713843
330,3.34184354677737,0.6022308481849875,0.08872947866872599,1.1441436016771431,-0.728277019034137
331,3.2539960973576894,0.764388428088833,0.9105010290723548,0.38219392969369087,-0.8246603936673678
332,3.2584506348968034,0.48948505823657623,1.149206768779353,0.9739110080046404,-0.3946025873512561
333,3.691200770666566,0.3493885403462376,0.0504120183469002,-0.1247761764974675,-1.1982953726244183
334,3.453583970749538,0.39869399970658376,-0.7327991020670939,0.37665072895666946,-0.6584511619292154
335,3.1623774592215077,0.46143109068054894,-0.4253912469311642,0.05077613184211048,-0.5450048565069255
336,3.6241684280848943,0.3850547682164915,0.22033519002281907,-0.5797124738471093,-0.7935810451729342
337,3.492730337451691,0.33002411186400016,0.9474520723028299,0.4849695569509295,-0.3151712720101096
338,3.4757297906509588,0.27457616348469654,0.13458110543351878,0.21901281048014645,-0.0635989993752725
339,3.570393956978329,0.3747814096917002,0.24579852468309965,0.49095460639274513,-0.30397611581836237
340,3.4102886208710887,0.33373671930375987,-0.6631244214125129,0.5298724664138961,-0.34527445478149016
341,3.3288221707623094,0.44843356063089557,0.17179561547820993,0.7024660121023861,-0.8771142948203972
342,3.445040649342748,0.5163445265649694,0.5892192148896631,0.4902367129137242,-0.4513769750164088
343,3.352444293699299,0.6671723070096531,0.5347123175875602,0.3473445046051032,-0.5189265966934284
344,3.47214664030081,0.5824660564454339,0.2890419137319713,0.697050959042049,-0.688242590396987
345,3.483094912870271,0.3945611934948187,0.07723946249014997,1.0306402191316317,-0.5329882308236898
346,3.5123174179935495,0.4567832851303153,-0.32535585885348844,1.3837544470967587,-0.9971740704292531
347,3.5067629552379964,0.6218364968670643,0.6903141638456476,1.4509840772109894,-0.8890556352110532
348,3.6547232525447075,0.7590300737412382,0.10388592294661549,0.8509291817632618,-1.3539674728344897
349,3.8646772381379737,0.5349498959645657,-0.23133289269117385,1.7459348708257356,-1.3437406645747805
350,3.9711156482988863,0.636158138889875,0.9068171175999907,0.7849553662035886,-1.3020227211440405
351,3.958013498500034,0.7105300425412086,0.14737483552405944,0.6441379967753657,-1.3746784970659034
352,3.476325663302399,0.6440792337937717,0.8161644495284115,1.5823218669837533,-0.5568379597119865
353,3.890435633353382,0.5938161969689482,-1.5083856037644752,-0.36239833699111756,-1.347123678664236
354,3.899025315111286,0.55021601145611,-0.16339010543716673,0.16243274150991557,-1.5028252461324647
355,4.079880179442479,0.5838990218207823,0.5545778409434157,0.38111069708496037,-1.101425961183174
356,3.729203047687199,0.5783312759374569,0.16418874203245695,0.37328287747436595,-1.1083296320734155
357,3.606161236793121,0.6254999684098794,0.4367029719968798,0.7672963852829188,-0.7923308073494891
358,3.325638359779218,0.7986324981368547,0.8501143150628696,0.9921803588252169,-0.8943331080909329
359,3.358946218284304,0.6833447898482282,0.9758191379468812,1.6871051085862532,-1.0796086169871386
360,3.535342863330636,0.8455345810201986,1.5018767987345227,0.9194809575454477,-0.6894629116067204
361,3.2788879467668934,0.6379210419889759,-1.1313625811212102,0.6001072917833894,-0.9822712260972112
362,3.225014828189015,0.6655748982820927,1.4274805845292173,0.8236901745068044,-0.35452304418387237
363,3.2614922599298337,0.3992199106164858,-0.9767385890801362,1.632980246021963,-1.1249734103889268
364,3.1900666452162527,0.5977589519955326,-0.7546640304646172,0.7298633040202956,-0.7148088225300987
365,3.323128006726379,0.4382256171722665,0.35161659246911586,0.9466963021469468,-0.34681449753526594
366,3.2605646990973236,0.4810975890014625,0.920129163657533,0.01076867368795899,0.0011158771504140247
367,3.2454554307887973,0.40793132736957965,-0.0513160423263897,0.416538128577287,-0.37995594846242947
368,3.2610682553236527,0.52919175624814,0.46398457052974174,1.2967166573575106,-0.7389290433046453
369,3.2777272621727693,0.6994540710889393,0.11457644223422538,0.6812833308175837,-0.688429639323547
370,3.221595414321404,0.5691402750480754,0.31538204047378254,0.6013871931848586,-0.3423491644345824
371,3.470755127971971,0.4808302250175381,-0.4026861278153998,0.510831071060225,-0.40957155417773544
372,3.543532481555188,0.2995204550068071,0.06174462018761227,1.648556592321969,-0.6065016947215646
373,3.463150970583633,0.41356243920973174,-0.9248098507867728,1.0504373756783125,-0.6235945065096687
374,3.560909820443209,0.41851569093182417,0.6624776814224975,1.321192794991074,-0.6400545885352226
375,3.490110705072679,0.3521625178945834,-0.23074882297299085,1.5271759680553878,-0.47405482273689886
376,3.6183720252083122,0.1976739473869127,-0.06100296808533808,1.5286474061137605,-0.5284740977915695
377,3.534188757437695,0.2890057530353488,-0.6263894341190894,1.5154387143330226,-0.4876829465342366
378,3.6007051998275204,0.23263077638232796,-0.34531239679296466,1.1748884770560155,-0.22157478549124995
379,3.4508742244729227,0.5580368604089146,0.6920995030948428,1.7342577530083236,-0.8674736942155334
380,3.6489304739802897,0.6103512240174725,0.4371844006971004,1.4051754019581733,-0.5548054675078699
381,3.631596819838472,0.7867096427928945,1.416822572763819,2.036341447817509,-1.0029461789724832
382,3.5352299742189195,0.6430387851076326,-2.034311455129711,1.0684526965764969,-1.4521888760335786
383,3.6806527426799374,0.7937584110642172,0.7508521733632577,0.738635637382906,-0.9386526053077462
384,3.7452297069945564,0.6776229060572072,0.22324849020529738,1.4075457733222714,-0.8526141606961307
385,3.587006113451792,0.9272760560327332,1.0620726548367074,0.9396105566721176,-1.0950901252784249
386,3.7155818482556597,0.7203061332923909,0.8402898325760171,1.409095357913782,-1.0788065607610058
387,3.3864067332622527,0.8162069954044652,-0.11318432314051692,0.7841809384611846,-1.0535510551628444
388,3.3507255083178444,0.8018188707625339,0.3933693885729978,0.7744670402923374,-0.6375150648164819
389,3.385803610191082,0.736109801393955,0.526866935402467,0.6615733781938072,-1.0829636730068442
390,3.509876391144523,0.49755369175567105,0.14833398781475543,0.20676462586297892,-0.282541806886801
391,3.561512567449587,0.3039505406109313,-0.2009011248454728,0.2789777034281848,-1.0307402501891743
392,3.66228620114324,0.725081787588555,1.9850460212355188,-0.06882347399518209,-0.7585865138824193
393,3.7238099817335155,0.354029995418484,0.6534648308113855,0.5881401793035023,-1.06701060848087
394,3.589262152913233,0.5870966285710346,-1.6548943230356055,-0.646373368475608,-1.091097416025974
395,3.5680814863055303,0.63217098641891,-0.03536802985044178,-0.5736333497819588,-0.991803529866301
396,3.64175962308048,0.25982404833473133,-0.7632447856254277,0.2224632166109371,-0.886154393090899
397,3.331927493936567,0.20951813720001422,-1.8531486095214043,1.1375378793585178,-0.9079680475966823
398,3.657219545468543,0.6058304656106749,1.6805247954637657,-0.04447093146073536,-0.7815403209589787
399,3.351534120262251,0.6520444261390551,0.48276671545705174,0.41199080551214673,-0.6946190236794322
400,3.5019013990118704,0.6430878178411437,1.8354469510507991,0.580442289181393,-0.5072928156579042
401,3.77328591854307,0.4218247973633627,0.4683869151179007,0.10439521407405974,-1.0175265250653154
402,3.5139664007073357,0.4699015584153667,-1.3531833731073546,-0.4308556601573878,-0.9095282336482132
403,3.4916038321202145,0.543616865886655,-0.8468843301884151,-0.6129045654421037,-0.8946540413941746
404,3.6996657570250515,0.6111939768811777,1.0286369684124708,-0.06610973841120227,-0.8405820432594822
405,3.782843452971137,0.4300759155352101,0.03266730820121831,-0.11841791523319518,-0.8894875954719825
406,3.7101042891656806,0.2478550549416966,0.1654136624619246,-0.31770880139094404,-0.7045261511263474
407,3.667242083326985,-0.05834363442719358,-0.785607993924627,0.31433617734292596,-0.4119568016577277
408,3.7236401977392424,0.079530908516682,0.8246491742412035,-0.22320012349130533,-0.34738248823655005
409,3.5575692957748184,-0.07791604013086793,0.33593397834972216,-1.0086100932682593,0.03632367223237025
410,3.593431668310868,-0.06852149365067485,1.9334098614443034,-0.2215685364992042,-0.40786580995020166
411,3.5622861753828943,-0.33077046860733755,-2.529403550420702,-0.4880277291050543,-0.25196840781888136
412,3.598247466174798,-0.16503583719435927,-0.28695934670563084,-0.8103150015034889,-0.1927972469182456
413,3.6331296362687464,-0.26659215972409206,-0.09931315868469152,-0.31511396340030523,0.08214661833685113
414,3.6239300723046424,-0.24350066673553558,-0.17100968043068726,-1.13939718008417,0.36260371593720775
415,3.7317064441775067,-0.15366991153697446,0.26527609345571174,-1.114114126459661,0.2644766472216487
416,3.718511113058437,-0.2191076370481787,0.1558798863504908,-0.9717574281077258,0.03495353604789882
417,3.8958916150046146,-0.13025343221762822,-0.6721429869726073,-0.7106629674150853,-0.2973376284222696
418,3.6115835243857415,-0.46979058392520506,-2.454122204553114,-0.34034892463158817,-0.13712985247823223
419,3.8885634506648405,-0.25497750825215254,0.4707505412463309,-0.21317368325214175,0.008612011443558294
420,3.820373003573747,-0.18513919103523116,-0.7124190737008221,-0.9476473817604762,-0.38672569508542304
421,3.3525844879821696,-0.2548814416981243,-0.04784477916819796,-0.4819451700230885,0.3141690482355323
422,3.6646345848164583,-0.04914030393191109,0.35136929153727753,-0.9222268749475729,-0.15873643176592467
423,3.589318145393641,0.12855556287558692,-0.9925797126172221,-0.4463389835673017,-0.6485719543401125
424,3.7418331169034613,0.0722588073643417,0.7825271698725028,-0.18990034964781258,-0.07772001379741234
425,3.8264891271459005,0.17738183643731334,-0.9165499610820003,-0.9963400961009535,-1.0123459382285531
426,3.6894557684202915,0.04466233620432962,0.12389040178753888,-0.27271547062228496,-0.26393997107152584
427,3.4286256067940832,0.23875951221910352,-0.7302214323246901,-0.9334385688212954,-0.30454167751940625
428,3.557363505168944,-0.08531784069182395,-0.7215845429878192,-0.35853539154481684,-0.22629237030332153
429,3.436413539492958,0.11505397149838267,0.457845332288442,-0.6038441125023711,-0.0025427533704937893
430,3.377940909332997,-0.21974654517815395,-0.6578951242713272,-0.2697246091411754,-0.4939512922564683
431,3.372843280371106,0.32736961092991324,0.9534314894105906,-1.3319758379663786,-0.19908026069704876
432,3.492571844827069,-0.004405377040336102,1.0107583504067403,-0.3519951135092235,-0.1329372398175089
433,3.5134356001080436,0.22943025458906988,-0.4651461055596861,-1.407656603367796,-0.20303231241135866
434,3.5438179257465707,0.12426962543803988,0.8240667978720546,-0.1077963877289466,-0.37074974605504046
435,3.501241673637687,0.08141472205227392,-1.077539424508882,-0.6321252302988372,-0.7376334860958086
436,3.4578744258220384,0.2505506261796168,-0.580336396219932,-1.2319358642528886,-0.3052107305478438
437,3.438807204902999,0.2549108980610451,2.5937936254169482,1.3752231643089614,0.10797294381581946
438,3.4622905461039672,0.05469557042625275,-0.7444662984739281,0.309607258023824,-0.017888628244163794
439,3.47619918874293,-0.020821963165612658,0.8532799130632696,1.586179786395875,0.0935700067643658
440,3.702694414182502,0.2667621199932498,2.61002142800174,0.6314606807632109,0.15746328253015648
441,3.6899009077585068,0.01407723543242846,0.9344505515283872,0.5836347237073201,-0.4969037372076797
442,3.682288881864741,-0.23011069346193488,-2.2844266123832044,0.5860726191909617,-0.5832216142955644
443,3.80143507616874,0.13493374762825064,0.3035036527291717,-0.11809416260074355,-0.7466044304867021
444,3.759892177747373,-0.12322053702036787,-1.1389151580324195,0.0682842988316495,-0.6891484490919785
445,3.771065030820818,0.028100854259179034,-1.0814758730932557,-0.7010164693140057,-0.8553527153087978
446,3.5656051672866904,-0.08347488890827627,-1.3738721941101582,-0.12819577616830363,-0.4608248003588267
447,3.869151125075306,-0.008200950917810715,0.3739392386198256,1.0606862080414208,-0.5173713358081526
448,3.396000141932374,0.23693221603648576,-0.018607863280053594,-0.5296433888258347,-0.488503424666272
449,3.336830797355699,0.31128785149986166,1.4122032678026197,0.10623854748183985,-0.4160990168340811
450,3.5673870778767616,0.16918058139046802,-0.12452914764930359,0.003918813670779911,-0.4613566817457844
451,3.4211481205948635,0.11322663832234268,0.7315676833374062,0.6446514763381523,-0.0656510442466776
452,3.24609380566038,0.0002744765963643507,-1.4115100505674634,0.7951861885231247,-0.16219549393514077
453,3.3638557860650296,0.1698230853361796,0.5176266817875937,0.41408190388966576,0.24703098430733655
454,3.1069737565253184,-0.28249914845497676,-2.2079914786571835,1.896948929083017,0.2606271096070052
455,3.0603729222830935,0.31284615582718067,-0.18105904163146072,1.0717369514409247,-0.3087718872410738
456,3.25068731310226,0.36337368205599635,0.9150494120323961,1.0858062361912055,-0.12063425758058546
457,3.22906205057804,0.3370516066412061,1.756277311908348,1.5899973913133045,-0.1516599991469901
458,3.0673645443511566,0.33588477035994996,1.201835054313844,1.4500731077433868,-0.3895483168750831
459,3.345770469327328,0.3230747867244054,0.9780541338791353,1.3433635581019592,-0.6221872231372831
460,3.1658094070053986,0.03322052761278629,-1.2043800918343939,1.5532478222145034,-0.18133993041180904
461,3.2960401953240073,-0.26652383358715226,-0.5601888316046972,1.775772685617642,0.13061667205569552
462,3.327421611985391,-0.0201535704054109,-0.3331563259951529,0.6368969332351477,0.17989867692108613
463,3.1826541898464087,-0.07713230096313167,1.4214244606440194,1.5668154389840574,0.1235472966406626
464,3.361145416812877,-0.08925571884839657,-1.1067124898041387,0.8498464074554593,0.0711399848916815
465,3.2773164060383078,-0.13165880909933797,-1.1559433415365197,0.8681782186028371,0.16670981849069855
466,3.325465865259273,-0.12156071652986192,-0.16301461325871594,1.1756867377536646,-0.006849334015420976
467,3.3846295848613637,0.18881457578916083,-0.0952617898192068,0.6728729439162268,0.01400562204162143
468,3.3355498308026634,0.009043697542860506,0.13194709583606032,0.9976427044028121,0.49696574963051326
469,3.506558809767791,-0.0031090296742423357,0.6607577582555098,1.0939737999381391,0.5543632339489547
470,3.6947793040789385,-0.16350839845020546,0.0900195466504669,1.9031794053644053,-0.055783559316072415
471,3.420438982155878,0.10788588233009824,0.40473666003470116,0.852710982320276,0.20223390057024665
472,3.7173610135381243,0.10994991147328623,0.9733997882838846,1.8982784872343987,-0.17784782087623555
473,3.441405141295161,-0.15551986885233698,-1.8086972897254063,1.9686417319036036,-0.2961580795236335
474,3.48729746368146,0.20683508033073628,1.261345910320629,2.0222007054645967,-0.0913679884226473
475,3.5547524459840973,0.22030212868347024,0.04538270581064111,1.113278482691765,-0.30697368173280304
476,3.5351344742600284,0.3519165682329471,1.4287622241758837,1.4713602607948313,-0.007904427500236184
477,3.421996920724064,0.12317287374344105,0.2014086048356175,0.7561533926036883,-0.10292555876435837
478,3.4323416352662073,-0.04662299682320359,-0.6507567264291868,1.1890393403020612,0.2987498297364389
479,3.456801548370415,0.02077460156076556,0.2724576410213762,1.6076343563060427,0.05310491609114692
480,3.5409793307441526,-0.03673911762313047,0.09482113135731036,1.472561003614406,-0.3120540133431051
481,3.5975436282148228,-0.11368261962511943,2.1383891373504214,1.484818823725971,0.5365337709964615
482,3.370096060935975,0.036010319510327966,-3.0752055007488415,0.9591818281564727,-0.35968544478120706
483,3.5394245595950875,0.027639875573114432,-0.9283978648208859,1.737976325361284,-0.1741753377400187
484,3.515932635079507,0.19525059730109112,0.9004155338783577,1.4899866461066273,-0.1785693638952285
485,3.5234113703733874,-0.05045820811705384,-1.1959806399907624,1.7066356821691238,-0.2571801549638641
486,3.3964703559722875,0.028874839416514562,-0.8596366009537212,1.083247484496103,-0.14268911409113766
487,3.4725086574247164,0.13039328548267246,1.3527498276775851,1.2924667089034898,0.44974862057789733
488,3.4418344578767006,0.36925056934109873,1.1173231644395387,1.4399360218998447,-0.05909513456915328
489,3.456511146064818,0.40669108805770965,1.7930308299932392,1.5885952399972536,-0.5562845999784503
490,3.3315853882449034,0.1933827990736488,-0.7195936726235677,1.520009754661899,-0.5689869968293976
491,3.551403703750464,0.32424213342596864,0.6829236971792367,1.3191262226556435,-0.01646738051230573
492,3.3844067031419556,0.23714795421540905,-0.6455897769605583,1.13819866430655,-0.6295188334140323
493,3.3641251380685513,0.26441798635430996,1.2812148581104634,1.0832034046138173,-0.05805280474807835
494,3.3734671945529047,0.1904881534926471,0.4952902953300908,1.0066927211869272,-0.15958751678756955
495,3.508237515781791,0.025498997306497663,0.3256902445226138,1.7593374029555593,-0.21270133006057937
496,3.5417448847675215,0.3536970824978103,1.7862725592385023,0.9224699347694648,-0.07025940330448958
497,3.31062968477166,-0.05879062866505464,-1.7205791835998188,1.3219035020558738,-0.5544422930834719
498,3.3433539515821145,0.012853965859140915,0.009423884831196936,1.1718783721754362,0.2617748103783949
499,3.5029938486879524,0.09960189791577453,-1.1404405207978503,1.059696574522867,-0.44645533898604073
500,3.3976031781039358,0.2544808370526814,1.0804429171128944,0.6697155201730158,-0.18096395910496754
501,3.3717772475812864,0.15391756408899065,1.0009727811217568,1.6609757833648344,0.001405648306216527
502,3.2779700774906564,0.17194981741465162,1.1520172298797189,1.4134213822629444,-0.042391836481012864
503,3.3022917177045508,0.11852082740248916,-0.006025522818605695,1.1125684641458107,-0.2535733790465355
504,3.054563860324861,0.32693603658884823,1.5137484088335555,1.0576816223159524,-0.1052898818061585
505,3.129873415694873,0.22076604449566845,-0.13327262726293976,1.433655304171511,-0.4380457802452909
506,3.3309982728699605,0.2991495842057776,0.8379750472846565,0.7228096504596041,-0.5460035316268119
507,3.2063573347736347,-0.08922451342890547,0.44753549903849116,1.2959189222168277,0.32092296108671725
508,3.2195493850411747,0.035749444703551854,0.5931169263199245,0.7809392279922973,-0.11187034308057825
509,3.3009810355771236,0.08611676276677241,0.5948731137569198,1.032614876154691,0.3569596432617723
510,3.5889512225942446,-0.27044778069967496,-1.4671105193264924,1.3232369552961754,-0.30197172945629974
511,3.178662064941966,0.13353248177183202,0.8381506388928355,0.08711137265493862,0.28506951178195145
512,3.079571287423425,-0.17136225257523843,-0.7461163048559044,0.8281847235842923,-0.07346855850528176
513,3.228873877048295,-0.08504473140609188,-0.8810351793051594,0.6747376050898802,0.30514634463730134
514,3.024673300454329,-0.13270646082074236,0.3033178106779642,-0.1399538615213722,0.7733001274518068
515,3.0210015945065067,0.10251714857627456,-0.39304552882919297,-0.36258171069940986,0.5272251093545935
516,3.178900759425668,-0.03216786683393738,-0.38012058034510265,-0.10024589125608446,0.2982122203963692
517,2.9763950084974033,0.040002513481507004,0.6598613538148477,0.1954639739027022,0.6347583554966547
518,3.2051864625765325,0.12040239422743981,-0.7897164542065278,-0.2130497369187596,0.31816168398770495
519,3.033768420420047,0.11910218620946969,-0.3743453468606279,0.40968966372244664,0.0889809760587782
520,3.142077181924944,0.14311680731165619,-0.6920527801828716,1.3207970524708161,-0.10772728108568792
521,3.0887582824768782,0.2513644319940967,0.5656512921964149,1.2288436875339692,-0.24359852440892346
522,3.28117525266042,0.0971015971347398,-0.8324836803504555,1.178943759063308,-0.20423128442852928
523,3.1063964802879878,0.47187218263195735,0.7650636493325913,0.336068223035781,-0.28286332834801725
524,3.3890440453467523,0.21624965727877793,-0.4943017921571319,1.1369073267005005,-0.07586927446176647
525,3.3877365837428424,0.15811627320850033,-0.3622359434774238,1.2958137675198562,-0.21404787462126906
526,2.8938498927684955,0.38906140235464687,-1.4399413241856394,-0.09716941319528898,-0.20168684431609787
527,3.115314121782101,0.586709540809798,0.789153984482787,0.4506321577789929,-0.3945969057996845
528,3.1656250890118356,0.47835336963655056,-0.010784436497199085,0.8145959884331904,-0.5041270685643302
529,3.345330289527864,0.5468282148766492,-0.43399743786529416,1.072187890378105,-0.8531544019947749
530,3.3638256112679565,0.5288289172299071,-0.37136107968811377,1.0594060179068874,-0.7095798297833243
531,3.540812057126081,0.08454930798157835,0.5188348929764851,1.2298906321122203,0.0677074460544877
532,3.406430590370251,0.36314904094557515,1.4401219784081267,0.4143984905103604,0.36842391766034166
533,3.5236796640330934,0.16033019948644872,0.8094672347439739,1.151648742558623,0.07412499415376367
534,3.2954876333294734,0.06348153013530461,-0.9197982262423585,1.4920391195941667,-0.36791589654067336
535,3.152277308654939,0.037252982909666346,-0.42340139501592283,1.5416912688260644,0.1290127121140603
536,3.2559657090096477,-0.0158393119808263,-1.1263915841362409,1.3188654456182893,-0.6439393411446022
537,3.3425289741400954,0.005275100329555304,-1.2782832875159433,0.9866371528307217,-0.25496901005736616
538,3.3598802776753445,0.09625428392084796,-0.047303358780623694,1.1950690190104698,-0.20908855468551318
539,3.272918567952233,0.10114758004153639,1.0838028404923337,1.3085581480818447,0.06316054986789366
540,3.252706866096022,-0.07996274956411599,-1.5068675678600758,1.0681669597532943,-0.09204397580721121
541,3.244217253073264,0.037462733943386034,0.03226249998013028,1.5984878538524805,-0.43111623899115864
542,3.1190958700567664,0.06326197979813772,-0.5614321295984434,0.4352903540745314,0.3733339343173983
543,3.1126301592600907,-0.017800749859659078,-0.30765783325154816,1.000176038184905,0.21208840190024253
544,3.0841210863310087,-0.2330891487226179,-1.1152169419333662,1.547978125019053,-0.001972718829937651
545,3.1960919196865225,-0.022890527872158305,-0.9344761056699821,1.0762510283937543,-0.25546320482916124
546,3.2410427754018833,0.1510641922998836,1.3836610346913412,0.9998786890888041,0.2958725801666259
547,3.2908248212198394,0.05555582714157833,-0.2597123684350377,1.3223041591018436,-0.06386161700820173
548,3.3097980549056105,0.05046483751656925,-0.43114616345254136,1.2628195706530996,-0.4171940463244671
549,3.3273396747328468,-0.12846077852672744,-0.8994459223098131,1.4810049972454995,-0.16894516411151564
550,3.0654234092549912,0.06007586964355601,-0.3626228224050974,1.680629458507674,-0.2811133050099023
551,3.160071082247546,0.2038495139627072,-0.2857662349471589,0.9893783397134959,-0.5047365544258123
552,2.8988053104479015,0.23850717409191893,-0.39102012780283246,1.2207949390537456,-0.1932098487086
553,3.178046036421714,0.2915183465903024,-0.2500801254822082,0.7102910831981495,-0.18027664417272615
554,3.0347527508658603,0.29569116469016216,0.723183795237397,1.8611069948128496,-0.37315828122944034
555,3.0019907143867264,0.06799039906215455,1.2668715025168598,1.2063667260276263,-0.14760432680193747
556,2.8941401230390467,-0.02090381539543714,0.19544722150270347,1.649787735229246,-0.12742527149867136
557,2.7332061234528457,-0.0096850611066863,-1.2789299501141804,1.1032825985640293,-0.004760983606380363
558,2.792769992921471,0.11910589569875535,1.8421480169969582,1.2866895536837284,0.23167418343163046
559,2.8813435130365597,-0.037292946844109214,-1.2033715773780553,0.7969135086437213,0.07810007376443512
560,2.9218322921889497,0.023160075292196023,-0.7442164156729635,1.006197720359322,0.11959369305604671
561,3.01183758902292,-0.001632040108216301,-0.7487825864957702,1.48038728226391,-0.07298515554294646
562,3.0186867099406336,0.032234892513447806,0.33669363061755025,1.469699344097285,0.0017493617911937991
563,3.0281666310172657,-0.1017998885095951,-1.6655489285450105,1.681539512900757,0.15349003532376393
564,2.8285817650836385,-0.12096418256543436,-0.9106603608589455,1.5898861427973754,0.029838204590120994
565,3.0030003837199,-0.03242952670747252,0.3570569038515387,1.3869859146330148,0.10907714290227091
566,2.8323531847236834,-0.0935775579678203,0.4624262582093071,1.6141830247023392,0.10296947866613781
567,2.9489977244869503,-0.0015245374715751167,1.1687196299010298,1.3426740207027923,0.33461865378854777
568,2.8446621220559614,0.12162175736010643,0.9044396626817033,1.5560455598320355,0.20134903506095062
569,2.5813220237911314,-0.05529136552082397,-1.3635030951647398,1.3649791450495607,0.053462370639890684
570,2.81535015593583,-0.126532756036736,-1.0787828079736417,1.9289835192218412,0.14253265256261932
571,2.74254951028568,0.014536970550515095,-1.2193775992860314,1.5286331306115408,0.022668029312574327
572,2.965236890200808,0.20798108742510316,0.9145923196400575,2.182553081706326,-0.34610492762933753
573,2.9756072448508273,0.1540142351012447,-1.0323753452917939,1.6245201345775981,-0.27258266831830646
574,3.0774737510877226,-0.05173439859978387,0.13896561796577525,2.1132883629837944,0.11019221932702022
575,3.328064038820214,-0.16076478963767266,-1.062470156322527,0.8930706219356721,-0.016699433317524374
576,3.1972421709978094,0.15692777445228145,1.076410064079196,1.427759051963253,0.25688443063863314
577,3.1202661270734597,-0.010790791960974296,-1.2022595489571524,1.5725845404557302,-0.021841883549028454
578,3.174049634131857,0.3004310365636217,0.7105713617514824,0.8359993512244863,0.2917906827570968
579,3.0249812416502757,0.052699727426055915,-0.4268783450660346,1.354790110965811,-0.22386066533548976
580,3.0968172770370357,-0.07905459575603854,-0.4004647180491495,0.7525764508738042,0.3805939618830614
581,3.052429485943565,0.036828558722870754,1.484088693142135,0.5516734329139177,0.645966289921031
582,2.855201335548922,-0.17524411031419904,-0.7450544593818953,0.08841272493634372,0.7795953464337122
583,2.881350264337048,-0.34783460598912214,-0.24578924119395407,-0.31336655418042675,1.1660685282673633
584,3.0700529724695773,-0.5986328218930871,0.3701456938485328,1.2129073593094284,1.086760203291735
585,3.025191449208981,-0.0724611151987084,-0.6771263065210772,0.7524710667832406,0.45609065407799376
586,3.0635629480774864,0.29832729696886784,0.8817937104095185,0.8656163905332271,0.0706900292382201
587,2.982398690662942,0.18406161059158127,-0.6957498424153883,1.048702234922081,-0.20649110948776483
588,2.822922251059967,0.3717164041089492,0.1014644772384454,0.45265257508317047,0.030702089998603993
589,3.021091440820009,0.2902877588599637,-0.027406599274923185,0.8082265197843587,-0.05112793161845593
590,2.9298971315663027,0.38936373619614295,1.2011364794095052,0.6669062722048912,0.05594432800279069
591,2.8232053255822716,-0.09443257278326286,-0.39936183179688534,1.716501703837133,0.1614204328852924
592,2.95108165695356,0.20125155077804802,0.9440644515131149,0.8564108333642831,-0.12216611175593146
593,2.9011542522250258,0.21050937622616925,0.7829507765423043,1.130370957906285,0.5109346804833983
594,2.9603076266731656,0.17645098150681465,-1.7280856038232062,0.8234875867010594,-0.3641706602682955
595,2.9367787586069114,0.1758216391205724,-0.2920900830935842,1.4078628008502254,-0.3909887990993158
596,3.1508047095153366,0.01115567604905447,-2.394247795176139,1.0818676662601294,0.3400075859612148
597,3.074952603378136,0.17607662546607772,-0.37548235688796405,0.5081980274380288,0.10078764464048562
598,3.1786115178633367,0.09030962780311913,0.08825309252760835,1.196318046165218,0.3774671361116384
599,3.179685101262524,-0.0269694031338634,-0.14254954245079196,0.9587115024987252,0.3178149649579722
600,3.4387313216810775,-0.038856404126442916,-0.47312255952688426,0.9662451939718959,0.20869621045191117
601,3.313304027024699,-0.0679145523595136,-0.5968613231190388,0.9034369629166897,0.27729662715979586
602,3.5311589491301545,-0.11278632506082774,1.0233975389399317,1.3351307013454674,0.08624396120936229
603,3.290528596291839,-0.021883688374732743,0.22603356724762128,0.7783430251408294,0.36132180405681996
604,3.373483302565908,-0.23926470635477065,1.4020607755727805,1.6951394704055172,0.6170190691311747
605,3.480572265625862,-0.26919234975464695,-0.4695424972959647,1.3064042737203412,0.3070934195662689
606,3.4091327590496667,-0.4112570016539489,-0.9895789668095428,1.600817102882427,0.26936687658652547
607,3.425243881375918,0.07159324362264775,0.3602829983391712,1.0787965406189899,-0.21311541943901008
608,3.358733642380797,0.10091624989056479,-1.7076029805969282,0.938635126939763,-0.4524689852965444
609,3.3559027375171366,-0.06619406551669582,-0.6165666308550413,1.6972022308188879,-0.4622406100751589
610,3.4571513954531152,-0.1299902099289249,-0.7191232308611705,1.7277734806998306,-0.034463752080260736
611,3.553070526835258,-0.01529321077978067,-0.6377518281516754,1.1056536783508033,0.11594606853606251
612,3.4056618694840997,0.07886114120604795,-0.059450620302997456,1.494160313514218,-0.1756687617174699
613,3.479892191905079,0.13822981749204385,1.0546046971810514,1.5531901000368005,-0.23845737998227182
614,3.650612381720669,-0.031020707795685873,-0.6565587788637354,1.5732346159042414,-0.2546397416130068
615,3.7919366594930293,0.1411287141631819,3.1245860759516697,1.84970211039419,-0.0857439972019847
616,3.5004764711859786,0.14816378871425345,1.0491382916220908,1.665315837333095,-0.6010948400044728
617,3.570950233894563,-0.00623262827606235,-0.7171941692743439,1.6640698850118263,-0.39300246741098444
618,3.709976980009807,-0.026678023986735227,-0.18875328599798538,1.6818963968760763,-0.5577387791912343
619,3.6830630964977273,0.09224000478459253,0.5919510384519839,1.8970281165489682,-0.6350069107823026
620,3.532277193240553,-0.015115012620523493,-1.5115178694504325,1.52709720981614,-0.3651774311737659
621,3.634769081253431,0.056755210706675545,0.3373838354497786,2.1430991918323525,-0.6699047245258904
622,3.3676653351073784,-0.04251137371238202,-1.882983469367153,1.5290394555723854,-0.7444494660017617
623,3.6273150892512747,-0.09204698981944308,0.18385958234937935,1.645202739858494,-0.5783832137059473
624,3.622168119198973,-0.250673489893704,0.46904494911802885,2.0783610120111073,-0.16637983256203637
625,3.4650324863977473,-0.3343062234776014,-1.2093084130914749,1.8512210057955647,-0.1391972914723383
626,3.404852361443669,-0.06005556690793086,-0.8454296382338596,1.5480400119020286,-0.28343884078516435
627,3.504601254614965,-0.08219172045941285,0.10508096770726667,1.7885991234130345,-0.5321102365256182
628,3.4773555950582047,-0.17906256346508545,-0.7390783087369477,2.221482487660501,-0.6250072974075173
629,3.7113695506028774,-0.41194423928910034,-2.805261029584222,2.2558294306019566,-0.47236909908635266
630,3.3815887158826845,-0.08811713505547461,2.241064633389864,2.2806502845956054,-0.188197164732935
631,3.452491524112516,-0.2715192020456858,-1.8015024761801457,1.3679445508888777,-0.5302817510883209
632,3.5540212411248793,-0.2816263608644594,-0.47537538974814475,1.7036090945137559,-0.11237479514720712
633,3.550679332189845,-0.22971608263757068,0.12541308179617228,1.5997890867013393,0.06373101917009574
634,3.5265971687650493,-0.4220083150746418,-1.6192358913259126,1.7496855388447023,0.0033170209980041545
635,3.5583994021794214,-0.3050203466955578,-0.42068696584191145,1.6656292560858463,-0.21421385560439762
636,3.638104179238888,-0.39032000218137514,-1.0486197521685168,1.865565196844929,-0.2551367871946078
637,3.8421180117120777,-0.28923866069960646,0.6787850970138514,2.1427757267863665,-0.24006436662038796
638,3.7469561636613893,-0.19492534874303288,-0.46420493935091467,1.5510185688053513,-0.2893563221552346
639,3.766331402571186,-0.39575052691070983,-1.5144618799478649,1.9431935641369609,-0.3260334602490469
640,3.749751643001531,-0.4773663878802722,-1.687785515732634,2.051119635334484,-0.5270572131857165
641,3.5627557483079317,-0.2126790289686349,1.3586479143902834,2.4347671906328405,-0.15689536028544285
642,3.681721892575854,-0.24683466660353667,1.2207243733270217,2.4647575999703957,0.041542116742915976
643,3.494615217555946,-0.19856651306980705,0.16257579264953642,2.0122555562453237,-0.5503487399647193
644,3.548999880160821,-0.3436623124851935,0.18234496598925756,2.1565161142874487,-0.4499010803055699
645,3.7230621409548763,-0.2352241990386557,2.0993768015264616,1.9326366943605726,0.05030189758483144
646,3.3830151378634086,-0.2510166895340399,-0.0023707589232222887,1.5227390437172466,-0.14020626697701544
647,3.478483951889971,-0.21627953577592818,0.6006823927050212,1.7377005509650776,0.1919078157091488
648,3.7947561635765794,-0.536857419723275,-0.3587773086397327,2.1405722749901397,-0.31402664877827596
649,3.5500106330213046,-0.4826212999554325,-1.077550258627609,2.2000544819552283,-0.6238759981617507
650,3.6194164450869746,-0.3053799954587679,-1.0133754687313015,2.1582053678414477,-0.5438247432120026
651,3.2849233654181242,-0.35959918280512226,-2.03153731794248,1.8973528615111435,-0.24145573377152196
652,3.370903082678524,-0.21137856738573566,-0.874558480840316,2.00839547890375,-0.44271383892848476
653,3.242635207408679,-0.2532534741656799,-1.1317493786145805,1.467708124938551,-0.5479868048987884
654,3.4875629196340197,-0.5542702135570468,0.6406003335798361,1.5472601023614285,0.31848918781910257
655,3.135086302552484,-0.6179601275500353,-0.5275963675865777,1.7749091436831161,0.28982362411259394
656,3.178028712125052,-0.3285240117499237,0.334243689381272,1.9964946989574655,-0.40613473175408105
657,3.17100751716559,-0.03993813419411824,2.1325652058352174,1.4896866345708204,0.17966056206849057
658,3.2034258727478644,-0.2724526754438402,0.17852403678723155,1.4971263088808302,0.13957747223863812
659,3.0857808367039596,-0.33773980749735105,-0.4219507778726779,1.9108973367485993,-0.0475738536243638
660,3.235183211036405,-0.14855559440998434,1.2081512075520744,2.26297790638282,0.07083502277154491
661,3.0867885695011297,-0.3038943220767648,-0.5299079062395343,1.97215703651372,-0.4068723400412235
662,3.2699324426280585,-0.33948122970577727,0.4251906222453242,1.8947370553075733,-0.1346997945926438
663,2.9301804192374385,-0.4037777552795991,-0.5831945931347293,1.3828114895491739,0.3465644481614736
664,3.2415938147447285,-0.2974542483328445,-0.576017925181119,1.8809178260798203,-0.35510981309017114
665,3.3145201845065206,-0.11578800767999119,1.7529084251080902,2.3802645936147515,-0.4116179965330537
666,3.2728180135276914,-0.3694487110182193,-1.7812326406188899,2.0762403886997713,-0.3438412724256945
667,2.961858109245629,-0.21398504974271754,-1.23761057708436,2.0583203395710683,-0.5444124545107655
668,2.9463564027307685,-0.22897043719409607,-0.2652411402531247,1.521861991216807,-0.02282023689397234
669,2.7887725042687497,-0.46172694852284113,-1.2768602763526984,1.8768135919761886,-0.4173400489515099
670,2.89080384042013,-0.3742353715141987,-0.80457148806475,0.8644922411818875,0.3339333933977721
671,2.7203134449434843,-0.6225522344491108,-1.8444822023426808,1.135292533929141,0.2857648079850743
672,2.7144162286072944,-0.47323658257352286,-0.27381478451711944,0.7375854601997208,0.554841883396828
673,2.708141290787407,-0.4149439687583067,1.3262763358346543,0.927869867450377,0.7035872395556719
674,2.812564723707811,-0.3081792561573645,2.177858062312015,1.1990747150611487,0.5550803054903297
675,2.6160231804544827,-0.2916986113540499,0.41710121704305514,0.7611147200290009,0.5903300632457894
676,2.507113134715059,-0.23360601757585184,0.4022980668445631,0.6627068170911424,0.9719120678748354
677,2.470454583323121,-0.44421864428497115,-0.9877328573579742,0.7625343488005677,0.2031729361114056
678,2.695202922595313,-0.41112587436834847,0.47937564394355253,0.8674367882981633,0.839252473474153
679,2.611182392104554,-0.3769426298016124,-2.133411756179221,0.30178707148058603,0.2645217541516661
680,2.5023172288099476,-0.3941584754688586,-1.1334194216703808,0.8425332238600405,0.5708207313730003
681,2.6278616747412205,-0.41529475686434947,-0.05560436240524929,0.27844025741581113,1.1675017567303352
682,2.7100125667967405,-0.4809632957607213,-0.25304912224883247,0.860071668766918,0.859544420185279
683,2.9386953075688615,-0.5586555773641506,-0.5606092250840073,0.8128663163209205,1.0199121428092268
684,2.5794036116021117,-0.5879002094039014,1.0747864152989375,0.23279382073810181,1.3892766559038738
685,2.7103507546625805,-0.6013447915704859,1.3511896661103968,0.1339867586895901,1.694301559921408
686,2.7824032213939818,-0.1693629403860178,1.067228460286695,0.5309594441200143,0.5370676881216108
687,2.7978608733754284,-0.26436982544206694,0.22965846197750575,1.2720911413506666,0.5284406600626036
688,2.7045311675434287,-0.15816977023672069,-1.2930273211991452,0.568357165197825,0.3680835581527832
689,2.691181966508418,-0.6152870967301723,-1.7792189104202476,0.6648333367491623,0.8677854524842872
690,2.590125031238854,-0.5271625484220891,-1.068335333899325,0.874945810538923,1.0128739984823427
691,2.702642443343118,-0.5369804726488027,-1.1719696168860363,0.46161129977905313,0.793349024690348
692,2.9506216831815135,-0.6799805053404916,0.7190389811809274,0.5775032694325941,1.3699302360948087
693,2.8298372058099033,-0.9183521489146675,-0.9142362529066922,0.684964314454445,1.113822640316868
694,2.7803388775739495,-0.5400374793889419,0.1895206971524495,0.5990144720226659,0.9042143004739195
695,2.871740087644204,-0.6445107265839078,-0.6490731557993882,0.9161423688718079,0.9543763156650088
696,2.977394793708951,-0.6407070294124779,-0.14912377301166804,0.9045080986454885,0.7147764458414111
697,2.9727360148987243,-0.5673546449717858,-1.089109773745164,0.5655426411199951,0.7248679968605545
698,3.0073959072054848,-0.5759483930650282,0.18033538182326928,0.8232777979050759,0.9860913063270831
699,2.9518986648369396,-0.5992692666892258,0.4885923143354185,1.6807947966628696,0.8353904767153136
700,2.927928160259263,-0.8676428540513107,-0.26692127256492315,1.0628857893103023,1.0727856931120572
701,2.9829771693588856,-0.9423792820715658,-0.8798071372249042,0.8654605780296972,1.057896697666796
702,3.015368891456772,-0.7953054235549243,-0.6995005831331236,0.47311305210465904,1.411034444110033
703,3.024732159299626,-0.3312461891874505,0.981758822625811,1.2810770583897606,0.9513225409238631
704,2.8196140872439153,-0.6107576274639307,-0.454161619766836,1.9604539110761174,0.4639615055252972
705,2.6994668734701412,-0.6536417212358009,-2.450918436435081,0.7953581666110147,0.7316893827620036
706,2.866527793119688,-0.5816506854129753,0.2173697892167457,1.5332480037029372,1.195385195474144
707,2.6362672558984284,-0.47641032975740083,-0.20665948763028416,0.9445602097063079,1.0056369618289691
708,2.5560186356057644,-0.33965474384840766,1.2085147150538391,1.114260946420078,0.8170001142884311
709,2.5103596623082476,-0.49337304496677337,-1.1741999915774417,0.999897388001974,0.8749563087814394
710,2.6720628920370117,-0.5919069712014496,-1.9328553036019875,0.8420612200763055,0.8884152873408557
711,2.5960818080222863,-0.8614435038427698,0.2653763738838392,0.3719596561898475,1.8337634146606439
712,2.6057287321127696,-0.7154925337971276,2.4069307627985803,0.42699282863982124,1.9003514534071158
713,2.4341356459382695,-1.0132255386774416,-1.1635708901636335,0.8445636097438757,1.5163379836758073
714,2.5349059582878617,-0.6372321956580623,1.2859013822095,0.8128828910195695,1.327513694771441
715,2.43994520672629,-0.5204749695490317,0.8760867364931096,0.5239808952200776,1.395279387455774
716,2.432762666097193,-0.6806162217266716,1.3312628333664633,0.7306236137163286,1.9079508657015811
717,2.512915165477731,-0.8183827697300723,-0.9245101649413399,0.32984092947266014,1.5082287859411627
718,2.5102621007041517,-0.6943082247651426,2.0042873547806557,1.0772887445458492,1.3852220278239669
719,2.339846452445958,-0.7522518558826224,-0.8997059289550836,0.31712927544674857,1.4811173276575462
720,2.244108629467092,-0.4954670424538321,1.5602441110806209,0.7200590002349283,1.2623913543000278
721,2.4204041560468963,-0.5733026256271827,2.0824688490837677,0.7953089838289001,1.4519837967096745
722,2.2718043922060436,-0.8589223431994162,0.6487897989967983,0.3144679427975298,2.0635767180726874
723,2.3417869746085618,-0.9961609774209914,-0.6406233245319569,0.6271678409866642,2.101575813768682
724,2.088627452198599,-0.8006580269759991,-1.3530729588945036,0.4669600164344191,1.6170468725151996
725,2.0504610213612233,-0.7540796878584379,-0.2387915967359526,0.39871123821542137,1.5040987723546988
726,1.9972385045025833,-0.7147420204335206,0.30604883152689444,-0.06763979954895559,1.8233985738363998
727,2.152313602255286,-0.9254505349850968,-0.803164105220672,0.8788312360783739,1.2730155842143065
728,2.123300355120101,-0.8141284222479952,1.0864451210864323,0.5088468509707822,1.843611099608471
729,1.9764951510279631,-0.8901910105949108,-1.2481440286777312,0.5506404656123837,1.4729163816302049
730,2.0979124540100944,-0.7787544986728742,-0.9369183307579386,-0.1441189569978834,1.8424586807973422
731,1.956587398637002,-0.8652446317170956,-2.515355011737552,-0.11344770768684673,1.6655708089402788
732,2.019003115086444,-0.7412724331235251,-1.0580378647316213,0.29038594546841734,1.8749667080526469
733,1.9055496372830614,-0.43089734494242626,0.8473031666044462,0.2284217299312096,1.7532798537870984
734,2.117492389614376,-0.7878057035139611,-2.8786315870955113,0.6769553365308134,1.4152973390345276
735,2.018856596249856,-0.6563541124137796,-2.307988090482411,0.5136375699057373,1.374891861763215
736,1.8699557712983816,-0.8848760563678777,-0.015417794959110671,-0.24685210439182123,2.2176694871975138
737,1.9806999411096982,-0.9573586253799758,0.07822474619583676,-0.10711152744329215,2.4439825459251034
738,1.9458429362828042,-0.7952552675513517,1.3464062719126622,0.10103877501112095,2.316391573128824
739,1.889228409943828,-0.944903563791755,-0.08568480241666328,0.14444622171203816,2.046332218430465
740,1.9644542013932023,-0.9506714954268234,-0.21741779943369235,-0.19498344573559082,2.3667959989021203
741,1.8383824283595458,-0.7491513568044844,1.5499483458988175,0.10380488981901412,2.430152078816595
742,2.165569654177451,-0.8683780203421494,-0.39829124270280913,0.5769359195846364,2.289389852348094
743,1.8860555546224047,-0.9247781552355245,-1.6352810730511578,0.32908384290616394,2.0599483943150845
744,1.8043944255542592,-0.7292208712513731,1.5304090522869265,0.7269423842689602,2.5349017144629813
745,1.852178575916672,-0.44369751573972593,2.4000683395479654,0.22013302905841092,2.205528732249848
746,1.9336536383427598,-0.4855329791516997,0.7358664718442556,-0.32171955666679225,2.3398591094276715
747,1.8060015102027382,-1.0702611673723428,-2.180987314546672,-0.053034760165764035,2.5001444358887954
748,1.748649435196205,-0.9727657878655314,-0.1398436115464026,0.40696866500071516,2.5293028742678456
749,2.0933106050518853,-0.5984131406856005,3.0813211672578955,0.17543569901003375,2.5239469156140277
750,1.8768677593383158,-0.8276393725843508,-2.0705282732635797,-0.450817074453609,1.897819048799858
751,1.888274946648747,-0.8129798108774785,-0.329975130568986,0.016421627669437014,1.995766917894412
752,1.9478468926267525,-0.8985130164813614,-1.7231311345646247,-0.7889679923274875,2.544144136555671
753,2.005477869092627,-0.7526746036558887,2.701205541645284,-0.4036920730769339,2.9607129113858703
754,2.173388573012564,-0.6333365405856907,2.4081146641325004,-1.2239752606480987,2.7601862728974256
755,2.042184948136285,-0.791467181745959,-3.3483830754350237,-0.7624997656535534,1.916195711916005
756,1.8991061065641395,-0.834356472864128,-2.4187352912572875,-0.07949748034426568,1.9491279698916195
757,1.9716253982385261,-0.6799341580278443,0.9054078171435505,-0.21503524281833275,2.1930888879761947
758,2.131328809244962,-0.5884350736460394,2.1533937606640525,0.5637832681628222,2.254465406984834
759,1.7759500823381256,-0.8171038977070173,-2.2503134074717646,0.2774601629455802,1.817411851233516
760,1.9131465317730403,-0.6113401491152187,-1.1558636397096256,-0.5219877478818051,1.8449834840557076
761,1.9340299925069067,-0.481489966048902,1.151690337357173,-0.3842035058780857,2.4276011945055296
762,1.9350468597653114,-0.5437853382271659,-0.6125626589986285,-1.4179109016921962,2.4840103377788827
763,2.0524512935042405,-0.02201491154760028,2.7488352619647554,-0.36008025018579176,2.0355582226470066
764,1.830328451507721,-0.09202723537948759,-0.3778868898554631,-0.017912084524571926,1.511281972726417
765,1.8848603879726953,-0.2985837036772858,-2.374361521837394,0.34226166467541497,1.4659290204770388
766,1.8543978565866233,-0.40112742121094036,2.14918933356369,-0.67085886127496,2.328122579168657
767,1.7597992049513775,-0.5609412981735453,-1.518233948904203,-1.075639354676184,2.2486349390652087
768,1.8440939803212093,-0.6035825922617968,-1.2982536838751457,-0.5980039238769118,2.4332529334261555
769,1.6836353364271697,-0.5596299914424883,-2.192726686143289,0.048115295316766234,1.8248746793628265
770,1.8594589117823184,-0.46022910797031635,-1.600648073932089,-0.4034691290835714,2.109755222702038
771,1.809686170681499,-0.29639866328854814,-0.4436598233398753,-0.7845447906008208,2.171865674670093
772,1.959083326163147,-0.5393066465613211,-0.35664833932942624,0.2192950668447183,2.191345427405166
773,1.9709208180210025,-0.1215606632822928,0.1472937449630899,-1.3459237954139056,2.223938765857676
774,1.945558798986997,-0.03514025790401067,1.7322464440360508,-1.3100058051190908,2.2139359070910634
775,1.7986994159315655,-0.5827591245136307,-1.1003668211272863,-0.3843588574730936,2.004432652637922
776,1.7691714170958757,-0.7409658744495741,-2.4728951699013684,-0.18951876452394265,2.0884793272763233
777,1.8005369444129997,-0.543120756718479,-0.8072127117245401,-0.4483062674056193,2.1811646952605295
778,1.765382066902547,-0.2966184498037914,0.337375563448787,-0.5684327751275965,1.8297845284943983
779,1.8556155974015738,-0.6965334052434133,-1.4432348197689635,-0.195215213914971,2.4701308445777483
780,1.8248038233625743,-0.7783529526527294,-2.262675684547742,-0.5283679359009601,2.428612303749255
781,2.0431127547969354,-0.6990923862865991,-0.07359972913229477,-0.4723070485684024,2.329802322801581
782,1.9929108253996441,-0.512454927619228,-0.363875741532169,-1.0606897625537406,2.150841319116264
783,1.9975838228317553,-0.45143401682755857,-0.910404961021104,-0.9380294465879034,2.126038884981411
784,2.011728860623893,-0.4970019160630914,-0.5079256236112105,-0.30267863347462903,2.129049096782912
785,1.9672788842777786,-0.9722843053095683,-0.932045424438836,-0.2132539094167186,2.8323392847254842
786,1.7764863294392317,-0.7727094891533541,-0.5540854358873915,-0.44285557394382763,2.3915387512774693
787,1.912856563103399,-0.8612853873161256,-1.8779155554353466,-0.5538045362350353,2.691467087314905
788,1.8886790156724442,-0.7572211126257432,-0.06463496405286162,-0.11500507578133061,2.3063713673786337
789,1.9538787247465343,-0.6351201294558007,0.39087289085870053,-0.49626383900886833,2.3774601713035985
790,1.7937453799694498,-0.7388177038409667,-2.761925310744048,-0.9247112096313198,2.2216070631411164
791,1.784461843125774,-0.6401003256852512,-0.6301237210313632,-1.014495021821422,2.859542813808415
792,1.9767956160425695,-0.4664216925896905,2.24926572105457,-0.45841368186569964,2.722112295290719
793,1.8896756439016746,-0.6011981969113042,1.4783167140584865,-0.4755865431824866,2.8362281716625604
794,1.5603846267651496,-0.7799529033203939,-1.7287951369154673,-0.5785379978950267,2.3376128086987613
795,1.6472656426191838,-0.7362228348367379,-2.650442556183474,-0.9272142795667688,2.3895579393567816
796,1.767849956920226,-0.36485041978789734,1.589346360431507,-0.2031110114110353,2.516903739989673
797,1.505010819093142,-0.3224339034433154,1.980567853399355,-0.43335226274179894,2.598761265577338
798,1.553960194873066,-0.26203461662362426,0.6593911070296468,-0.9948876116273341,2.5606822401404417
799,1.5593528595347224,-0.47772440693592066,0.8810388605256371,-0.2873876435898055,2.491912832310331
800,1.617591175287081,-0.7333928084324725,-2.950633535069833,-0.3999488680159606,2.6289952504821583
801,1.5841636880421643,-0.7713811120687627,0.8178429260169354,-0.01869472545131963,2.538249552716196
802,1.672427280766372,-0.49296886114753957,0.22077629967271667,-1.2139651244561604,2.8071777146101016
803,1.4900192230332319,-0.9966022008130675,-2.6026892641910533,-0.4828740894562691,2.871891074258211
804,1.644634203253504,-0.5887461467954614,-1.6171196471495237,-0.40708702819645665,2.0644923248639255
805,1.6138795015773184,-0.36078982889009253,2.1588438280448226,-0.6646413626742633,2.6593314818447333
806,1.5774516533590754,-0.5832904467517805,-2.6178789227971384,-1.0091299168248562,2.301998429794792
807,1.5825061268719922,-0.21636265911479097,1.1096316699613151,-0.4594224329442578,2.2551963013773917
808,1.6808956180113237,-0.3518817207770125,-0.07085924051093209,-0.44073461974144096,2.5238442011248927
809,1.3881101690075475,-0.32529801590528395,2.5340729782781795,-0.4338561611679807,2.573914479505374
810,1.2585209157612671,-0.4062114453504975,0.3587156142916097,-1.111799690375725,2.879395287327074
811,1.3311237576354622,-0.6797776660066462,-0.8085264715482144,-1.0213638790430315,3.1366575450005914
812,1.3235671815886336,-0.6413964078336625,0.39208063564407186,-0.4819166988722006,2.6429558723123634
813,1.1922478577593218,-0.5746489344978903,-0.8887944482907596,-0.5354539826058867,2.855042455147645
814,1.1014487954079348,-0.6984776993756409,-0.4684969642072275,-0.21174231835716245,2.875815824967812
815,1.325909333545201,-0.2530877705276166,0.507801795989597,-0.24134013709162153,2.261277285964588
816,1.3664788124437355,-0.15814222813807616,1.0324464867837329,-0.3079055351456587,2.3510758267016945
817,1.2941166349907267,-0.010440602270573071,-1.0462750381195485,-0.671669412547222,1.665996852260048
818,1.138724273346187,-0.01039244440344097,1.870415559793876,-0.8132120596414921,2.3475428375753187
819,1.1005233519090722,-0.5255498007459044,-1.5558040386670724,-0.3662210265104666,2.5691164200711882
820,1.2142685581854251,-0.48744161661581076,-1.040375201537929,-0.7545511776931516,2.500679536089673
821,1.108979319719728,-0.3209500044070434,0.006312773889649421,-1.2933650633271316,2.6237807792876553
822,0.9967950122895451,-0.4292485710768895,-0.13592346370378008,-0.325167882205402,2.44015415544433
823,1.0281583963881105,-0.3073185776983546,-0.1508377050444317,-0.4424937418718128,2.4268634675940284
824,1.1782335602473721,-0.31155265399666704,-0.0850232303367511,-0.9681980637622963,2.4825118819668437
825,1.2718546435641798,-0.4726881640303882,-2.4974552576529003,-0.48198287619647867,2.153285124250072
826,1.1592017540058517,-0.4396196194062611,-0.4684568118797083,-0.3681225103947784,2.3149203715128164
827,1.122603808127004,-0.40603886963066044,0.02037941625196671,-0.7706140017574333,2.686071960311414
828,1.1862937150207764,-0.529800087046752,0.44984014585086357,-0.22301181815838234,2.463345863657239
829,0.9393699683379444,-0.4655914654247901,-0.36626716726140884,-0.9219299520592568,2.2960660657981586
830,0.887581783987321,-0.42775128361066217,-0.10063828830565907,-0.603356613001378,2.1223113258216424
831,1.1107723602299875,-0.4322043767091461,0.0370619995511618,-0.8887425367454791,1.9780433839960985
832,1.2873565132375768,-0.3951116562089587,3.0619660240535387,-0.24870584994299827,2.2173581362010433
833,1.0719551891553318,-0.8910353510652991,-2.721042465494111,-0.09866343339132796,1.8147596029202846
834,1.2172649839403742,-0.618106830941274,2.857573643390287,0.8185704980652273,2.261989667068035
835,0.979438432386163,-0.5981680822160527,1.3899748051675047,0.10791340067662006,2.0793831593560115
836,1.0538498419807845,-0.8190096536937638,-0.4679886602013484,-0.2195226796481855,1.9806351941618285
837,1.358972073677288,-0.7258861205937004,-0.5024486612242532,-0.9380164299293988,1.9063709828876079
838,1.1482804051079063,-0.8481582993245411,-0.5928302868915404,-0.41119576001545133,1.8436759590704654
839,1.244794617844703,-1.03212287702304,-0.03298620164172316,0.3193402695410435,1.6744177713061503
840,1.0579436057198084,-1.156329739447503,-1.5322873980187943,0.34602808721794887,1.8199147172469676
841,1.0715512335649913,-0.966545155624144,0.4198781189753975,-0.10092624846919498,1.9966270064414509
842,1.0810398372413637,-0.9607914122308453,0.7991474466106467,-0.19696970951045184,1.8287391478661152
843,1.144639070816276,-0.9691716347596392,-1.2524310393742437,-0.6918591250359484,1.538378513707016
844,1.0658777591019661,-1.0563666310829691,-0.8541604088213127,0.2725202498055846,1.5762121691875086
845,1.2830745841927658,-1.0633990410782073,0.46346090531912515,0.2923830835913376,1.4289183517917377
846,0.8831547160137583,-1.0895739881541928,0.3892706038139352,0.26469220084624623,1.7238355421240923
847,0.853369783244564,-1.137397814881894,0.8772724323221172,0.3772510490933751,1.6615822163792406
848,1.2462576034801947,-1.247559364706749,0.9552462410340101,0.35892664966831656,1.7517824241432847
849,0.7993246924752226,-1.2925096733309238,1.1386463638000326,0.9488219208627291,1.8942497879855722
850,0.8441901100351906,-1.519469892434756,-2.1681553899122217,0.186150048910656,1.7172800404908644
851,0.79118439873889,-1.2877972241071594,-0.9856673207499274,0.4118058268560849,1.3625750553851224
852,0.6783657249470683,-1.2271094172798065,-1.9878282462802754,0.014247369092002584,1.4272960628683269
853,0.9690782344174823,-1.294683767872224,-2.030182960572012,0.392136073923052,0.9919255569590252
854,0.6002541268123616,-1.5074019247100283,-0.44365698533148606,0.01215152886044484,1.7760742280932602
855,0.8779363800874558,-1.3954756114203124,3.039089065624269,0.6843788597637911,1.810610878954336
856,0.9869160777070076,-1.5437566329122812,-0.3813665234897482,0.7791912975193508,1.6437893476342191
857,0.8955535261217716,-1.3116999509160259,2.1591278997155943,0.9227162742038927,1.5508342190505435
858,0.5634985713661432,-1.6116844296403514,-2.5554216394534564,0.6377652675224327,1.2795488329829583
859,0.6096354609938539,-1.25657661937453,-0.37728779197156714,-0.13968895831364675,1.222474920958118
860,0.584792169028614,-1.5471746815223997,-1.8711999303178668,0.7743242143252049,1.4685945771934374
861,0.7116035225448332,-2.961963416176482,-0.5792148410983508,0.22292227992466987,3.112514593731981
862,0.45619960174063373,-0.6812960443188122,-1.2878581769775346,0.7320894498639862,0.09258762108573225
863,0.4152962299149239,-0.7046285890609543,0.9802618788838248,1.078333546333603,0.4503613272037165
864,0.6781911972200437,-0.8313081075176649,1.680175868092203,1.5522717259536072,0.7025366688300716
865,0.4585845169842578,-1.7517640264275443,-2.239623071950013,0.06023625464986752,1.1906024552674415
866,0.40718127007971583,-1.6401289443942753,-1.1032734012851066,0.19333489547335117,1.0393427355269447
867,0.4749240112224525,-1.537646093328314,-1.2569364088376758,0.20746008054266082,1.1109070715499239
868,0.19022951754517128,-1.4716151307436147,0.40011799101964796,1.040992819700947,1.345478995559321
869,0.6061314732259321,-1.472111026582988,1.4883432216809087,0.6650114147142618,1.4889421300489523
870,0.4240876565533855,-1.4806621974497323,1.155940918867756,0.2396797282388632,1.6467044958115855
871,0.4387933969813593,-1.6531627864412692,-1.672538800905785,0.3420886356393059,1.5057252167971724
872,0.30859036413948693,-1.6439620447598624,1.244550215429802,0.542723205639657,2.065962634560794
873,0.41282283047200086,-1.4856285486172507,1.000877602717283,-0.015492066489735714,1.3850341545586888
874,0.5311312601033237,-1.8247788482914433,-0.4640049905508774,0.5461263583628577,1.3504880507318557
875,0.33797610610422035,-1.5033837727012418,1.0793873140047523,-0.3499611921916698,1.4556448002000095
876,0.6387710048092706,-1.211914019310663,1.028552639205807,0.052050329882952266,0.9657966998639836
877,0.4472804737533453,-1.40333107577861,0.6599831422423849,0.7680522005371073,1.0474567904139649
878,0.357883470241071,-1.4750966124643576,2.260482342509388,0.7557546891775079,1.4177405659555826
879,0.44785846865572265,-1.816187417832127,-2.6131882675155538,0.3392352956074225,1.3596213663740406
880,0.4630249660560442,-1.5563771006932525,-1.0690203949511434,-0.27691723766326226,1.227505714677894
881,0.3470373969036728,-1.5218545892370994,-1.0446174098843735,-0.213274140118714,1.4155188545708703
882,0.38006701007042293,-1.7008949470029353,-0.552935798740472,0.5729478128303109,1.2992748708264341
883,0.5710989696254448,-1.584713960873457,1.2345326752377126,0.7089308033793624,1.1201447041918204
884,0.5057489248755327,-1.355210907433744,2.6331222096133264,0.051552093942810295,1.5156942140315033
885,0.5377524744906933,-1.548226755110817,-1.698816716348856,-0.4357990807478853,1.1714246598774867
886,0.2901499099696104,-1.7961271279117397,-0.3957658561776324,0.322503146498002,1.2453258295945997
887,0.37554313695896135,-1.7099397148270372,1.5291247703681754,0.22695779893289963,1.4237580327266368
888,0.34299578851836793,-1.635379748085772,-0.24850890769204514,0.22610372246514845,1.0747528310204102
889,0.44617624882261714,-1.6825811817907024,1.717827823641254,0.7552814239073565,1.353296137553886
890,0.37990095236803645,-1.582526701020391,-1.1544336499904095,0.32957347302474205,0.7320465893025556
891,0.3460094051497449,-1.5656056491758097,1.6602218720624842,0.4091735030461447,1.0324172502070004
892,0.3687861377481768,-1.8393318524492468,-0.37901750923839345,1.1886636261825405,0.8923063518594679
893,0.2378608666985049,-1.8663607478289161,0.8388479362716951,1.005392358682342,1.3454181231847728
894,0.2663646918757209,-1.8568059760392515,-2.132771183162398,-0.00614325128138177,0.8510135521107768
895,0.2654182328205299,-1.7371826397973809,0.39454330015518335,0.24952506534715604,1.0770618826191616
896,0.2891165722815687,-1.6446746487993962,0.9434317080880916,0.14171306638916165,1.271373738496657
897,0.3318711378217978,-2.042689233866035,-1.121132142011857,0.22988794036737165,1.421933365001299
898,0.41754687793129064,-1.8491312563713056,0.8299246295140392,0.11449301089759818,1.1461552521188458
899,0.5239424625621039,-1.8173966183521995,1.1528923040984635,-0.19615485223877424,1.3409032712017332
900,0.5926950698707522,-2.018751128334323,-0.045121855618970315,0.8934991714874185,1.3803449178812668
901,0.458952152156141,-1.9466799579918408,-0.8326423871934252,0.3899349718196678,0.767307991148671
902,0.44766908929088683,-1.9607120941593696,-1.0068587374628037,0.6538065095945407,0.5311962597831156
903,0.43773518056388994,-1.6518490338441718,1.9780670268331364,0.25298636406311764,0.8330943722816897
904,0.5841860277569706,-2.0976677294619575,1.5264162918537043,1.5139095677368164,1.0403789069562948
905,0.3794045289570632,-2.190470457305877,-2.6680506911746327,0.14339446725107416,1.0929323266768332
906,0.4960985192748807,-2.1211331082757896,-2.259277370382883,0.13597280029580955,0.6639212492916597
907,0.42708365360036243,-2.0076320869948647,-1.4593459450554604,-0.23439635209405948,0.46304527151344865
908,0.23238062169985874,-1.9054592528200787,-1.9403367875612776,0.9943656447903214,0.44444368075188023
909,0.5143943520635584,-1.6911649280559944,1.5784956590486363,0.8528524266774064,0.7642537545229053
910,0.5762244806962068,-1.8819023678167568,-1.9424345812947332,0.7097045235052784,0.15963016851490175
911,0.3732659078798881,-1.882348948302734,-0.7618328679175231,0.6358185642169427,0.6499353203902152
912,0.269014045533274,-2.098019255358271,-0.6515079027019471,0.991606500188477,0.591666135485848
913,0.22577792060643065,-2.0708405591283165,-1.1983411185133732,0.6937136031925066,0.9138329768928187
914,0.5284729426387408,-2.021769065790488,-1.0151114797878622,0.14586723551249392,0.692272824546456
915,0.23223824840622734,-2.198648478125373,0.5025105016569096,0.384007628089678,1.2590670925756693
916,0.1098281671520353,-1.960497932480387,2.0684969586560045,-0.38912703053611647,1.3586342458239744
917,0.25885073543985454,-2.0293785007777396,1.394730201162738,0.4143994415128379,0.8762476030004711
918,0.33925475003657907,-2.125127319582979,-0.2629878030226175,0.6372773150200337,0.49720918737905745
919,0.4200290235849472,-2.0384932105495404,1.3365789971774864,0.5470433523815217,0.8257692170850249
920,0.2966510234018312,-2.153465563566432,-2.6981231089421867,0.5270536298195381,-0.003600126398922136
921,0.10852706860876964,-2.209624511929779,-1.1473835084986665,0.8244959249205667,0.4423730017286952
922,0.20962637504798942,-1.9352472743732185,0.03448439264767992,0.6099874168642643,0.34126418894774524
923,0.07710584111113737,-1.9250449665100025,-1.5814415696189483,0.06635843331059794,0.39917504907470114
924,0.10655351472970048,-1.9345195399996906,0.02535887655327201,0.7434366761992144,0.09065010376156862
925,-0.05147990978729517,-2.2628466019187847,-1.754589616578049,0.9303527266935455,0.008916730020623636
926,-0.07018184241998252,-2.18692767795256,-1.734334274115349,0.3525293859726277,0.641370962962339
927,0.06824100159987838,-2.162367065534434,-0.5391220131964609,0.33244494627592697,0.662942655635306
928,-0.21802914051301314,-2.242534081033847,-1.620764084014149,0.492110680817942,0.6603380260253918
929,0.027733971121922107,-2.282661813595345,-1.073477161771999,0.11374303476669427,0.6946497555945399
930,0.005348199849431802,-1.976112747280897,-0.9663457121582476,0.24232041765568885,0.575999384696237
931,-0.17328803474133397,-2.2976041067259816,-1.4327981109036567,0.934145703792499,0.44889492849863577
932,-0.16707323815801353,-1.9130796511570887,-0.669815561281498,0.5850290100672203,0.31284272489246817
933,-0.046938374230921995,-1.849469095995246,-0.44515887011144706,0.24886290746366183,0.0570019095634179
934,-0.004863705572741334,-1.917343723816724,-0.22617022132768783,-0.29754911084404845,0.5713562963950587
935,-0.18761795284617439,-1.8049864314025326,2.2769774671291976,-0.11625778994800968,0.6530183961102811
936,-0.31617263593216954,-1.985827202068621,0.788234293640414,0.7059910446587687,0.5657585616110472
937,-0.3842044511130528,-2.0659550313373365,-0.7119135320799895,0.11663049531161553,0.5098676814113674
938,-0.3409496316441871,-1.818919977802082,2.0651889450288117,-0.16504264186715528,0.4353826044955501
939,-0.35085010804144384,-2.0382132256753382,-1.4911755280299412,0.1732492838558647,0.28527184312729015
940,-0.4528062828490873,-1.9519310120977122,1.262065738822774,0.4243140628114291,0.5295865142689602
941,-0.30221495085911065,-2.016474261737568,0.7283412210166159,0.13927550555118917,0.4386625081566197
942,-0.35726795780081516,-2.323006292739502,-1.5908811291678862,-0.0416649557214636,0.6759510717710995
943,-0.271978073101228,-2.1389788785239228,-0.12412435149587979,0.105599736728763,0.5165470985966584
944,-0.26319640553791807,-1.915691487336191,1.0189965856991294,0.25685878745302887,0.6354413929787343
945,-0.5653216642976369,-2.227571454620444,-1.6958185865957949,0.49310316276601035,0.2020164908230987
946,-0.356262417232281,-2.134686985416689,0.9471577846809071,0.11946063081096715,1.0877865442962646
947,-0.6096523864324572,-2.1341964276670984,0.994229471495006,-0.1730189632427661,0.988390173513419
948,-0.4908598859055981,-2.1238298474929755,1.1566927771299653,-0.15942361016861828,0.9684513219820936
949,-0.5368730551193361,-2.2794212020474767,-0.8913424326425649,-0.4312108949547845,0.8613101231409727
950,-0.5210181099785627,-2.228234611024375,1.7760328585895928,0.6478851619085888,0.9406323483370986
951,-0.7282837692635684,-2.187619623213637,-1.178718824072748,-0.2874094265098038,0.5387227634555416
952,-0.6463206095183056,-2.1566083846960904,-0.8409512561776283,-0.3518142526874428,0.7907881727696912
953,-0.8102190181461171,-2.120968728288378,0.5390719392783935,-0.062299681580363156,0.7444238104180934
954,-0.6250220413767624,-1.9919848888721763,1.7351789855538278,-0.3150510799702578,0.8619858831204122
955,-0.7062551627932941,-2.199463476668847,-0.32584920032886977,0.16231659500731876,0.6815191427045602
956,-0.5996639937000516,-2.2061078984363967,-0.13017460278061171,-0.15273628265285566,0.7811333968465245
957,-0.8626806254863345,-2.195424711666189,-1.5955577557087979,0.007122146113204033,0.674223259675423
958,-0.7143146648895161,-2.2244770279856483,-0.8976805100454006,-0.09761236347609034,0.5602107169550203
959,-0.7666462934561912,-2.207974731213434,-0.637839410587895,0.07407188733813333,0.4164531336605154
960,-0.8222396231178456,-1.8693188127131999,0.3711578169716432,-0.34092444178584425,0.4226493284643572
961,-0.5590795414735075,-2.2308628274012414,-1.1173988448588508,0.2431650405601639,0.2879638570156538
962,-0.5975830692186609,-2.1571857576980626,0.5846911457281916,0.4397163466456751,0.6154674727875705
963,-0.7518157038492,-1.9544878212452208,0.0021932351915359767,-0.022293982183856927,0.3305173877632483
964,-0.717398724468409,-1.674288739372063,-0.10548785132206082,-0.4521999944093921,0.07676350845556462
965,-0.7527305224500677,-2.144895185808045,-0.6409798505981684,0.12745796514402236,0.1474291873834032
966,-1.088477061913315,-2.3429123731260217,1.4415102923065666,0.329344976823746,1.2037536556208628
967,-0.9959728791946212,-2.1860331384314504,0.4657379709667213,-0.7521878956686497,0.8670470589379271
968,-0.9710425051417775,-2.3202063782418505,-0.8911484603711869,-0.24614060102476254,0.8056868264660775
969,-0.8971233579725347,-2.2165065892160967,1.4355804975771624,-0.5917718999958476,1.2524713689944666
970,-0.9144793532819532,-2.322905685504739,0.9126914008637075,0.009882776792680424,1.0736268000908746
971,-0.9631456691366805,-2.1894231841725804,1.3977433456369328,-0.568159767782078,0.9183456972511517
972,-1.0379403701541785,-2.2455303816119274,0.10263249798383989,-0.7355648820602225,0.6743936342917001
973,-1.2613184529874624,-2.258552150674991,-0.04289867134010008,0.2569922578546237,0.7286239196328865
974,-1.2821589428902245,-1.9911424799232065,1.0008489068989952,-0.3327237699983353,0.680020562135598
975,-1.1681757737687803,-2.001920337858188,1.0549652035265413,-0.10534210517292561,0.6262942483330755
976,-1.1707849545657878,-2.013971774225252,-0.8023138806749508,-0.343732369697938,0.4469684999332187
977,-1.1343377719931704,-2.234685866427598,-0.5423273881423971,0.36063663284060704,0.29201430560208075
978,-1.2942586245912586,-1.9898468261539777,1.0284533006639027,-0.4497756213834348,0.6704659418623229
979,-1.0856565964030802,-2.141338702504979,-0.47463816700554273,-0.4807019390092044,0.40083270874732424
980,-1.3206816245131698,-2.1510140399428073,0.8146936697038539,0.060100894251398244,0.6388295918486969
981,-1.3415930625616193,-2.0674991304198826,1.3202895152537284,-0.052177433765999905,0.8596828849693393
982,-1.2001087198210814,-1.8743742384370783,0.7472035997281566,-0.7346084673463115,0.5631862173536165
983,-1.2943789564112702,-2.2101896785601634,-0.9305249258208516,-0.5045443772669589,0.6172136520724415
984,-1.2165337492307873,-2.16041258317351,-0.6812535210469426,-0.32628712573786894,0.7666476508306102
985,-1.3247204463375093,-1.988577622233108,0.9682717762702268,-0.44946128318014666,0.6373123093590919
986,-1.3299990754355495,-2.1048613117923143,1.1711201386781696,-0.10509288790097948,0.6714713389210905
987,-1.3586673932558322,-2.047316898664199,0.24179271733556337,-0.3489387414279407,0.571342543488021
988,-1.327449672928012,-2.0434565418072443,-0.11687576035973853,-0.42342672338107273,0.8580647323944255
989,-1.2872233433731881,-1.9626530388121342,1.2903508484657664,-0.6115853737231031,0.88926013080837
990,-1.2326677546478249,-1.789531281994082,1.1501507300193754,-1.0772158767132216,0.30526520134633706
991,-1.3577750126427994,-2.20713293469897,-0.6055158006170067,0.5211447784736227,0.33397559543882305
992,-1.3657086018399847,-2.0862916115152887,0.4187946782742253,-0.23607545438016728,0.34484466321449875
993,-1.458456941617564,-2.1791527479180854,-0.596768103733524,0.02530206586625393,0.7535286742894082
994,-1.3986220062024388,-2.045134829047771,1.2216880924169695,-0.05083056008822037,0.5838010372898462
995,-1.3361129359541963,-1.9629179882952739,-0.16246701016538612,-0.5296018097867585,0.5153923567934307
996,-1.353401725286698,-2.0840185494385235,-0.28800709237430977,0.08286012487826869,0.09283832416779629
997,-1.394261683671386,-1.9635204882975184,-0.8233253214734719,-0.9389678794957812,0.4862722888899534
998,-1.6326610973183666,-2.1755634186464867,-0.4537736782364404,0.11182742041503291,0.48184980865241
999,-1.4315492538459602,-2.1646191464769284,-0.9467399757389444,-0.16415218439430332,0.5922422444803783
1000,-1.310418794120341,-2.1378811728003897,0.24078991669957323,0.12347439926063317,0.2529396503718412
1001,-1.2953876572196357,-2.045615161299201,-0.40407763089548726,-0.3019456452432604,0.412621089940861
1002,-1.4916013163335557,-1.969598700936609,-1.12767537767854,-1.1143133564515761,0.34846794121113417
1003,-1.3237421047586049,-2.0498284507063307,0.8235162405183168,0.000784488148242882,0.10044021451508198
1004,-1.3804173864445068,-2.0218879306189774,-1.1287815353153479,-0.54205036852872,0.2595035738639783
1005,-1.3964537095879526,-2.0823542827319956,-0.4255508363677155,-0.2895693311200045,0.28132279295680646
1006,-1.3767812677558358,-2.0333394145225685,0.45333121427974854,-0.12339095844779153,0.32615665919167147
1007,-1.422611572580994,-2.0689129117752882,-0.27571440463563207,-0.375736628146395,0.41002603516540115
1008,-1.5062880372870526,-2.0425813671753046,-0.6537187800684799,-0.15909594471914196,0.02755095590909989
1009,-1.5731176860047846,-2.145690340473569,0.9732279256938124,-0.20848014246571306,0.8100671014225319
1010,-1.6080151462145766,-2.382955615341494,-0.7370780301853992,-0.36375771280195396,0.8261240681027332
1011,-1.6047610057427115,-2.2912093266849203,0.7616820929963056,-0.33951794545604225,0.7229603368301222
1012,-1.6189125360784042,-2.1247312114413646,0.8469438236324938,-0.6730393832856918,0.33439327380076805
1013,-1.6969108666317785,-2.2407160315387893,-0.667238660624507,-0.3732391559709855,0.6776534340980331
1014,-1.7197837693735736,-2.038274736213364,0.9395554021923218,-0.5352805673891959,0.945247356296528
1015,-1.7391216616293186,-2.1372052652185385,1.2176952398964263,-0.1274329166742017,0.7360367120597088
1016,-1.7511296267213732,-2.1140616304070057,1.2137560764413986,-0.038701147844519355,0.5507030081043831
1017,-1.7996487601695574,-2.4682937988048983,-1.1467036243345812,0.09988890373913785,0.8150696737941346
1018,-1.8146655176506727,-2.198422162691349,0.5339879882731071,-0.062382183262165,0.42189314612658485
1019,-1.6681893225664528,-2.317793203604434,-0.8677060253951271,-0.027987660369608258,0.268230517411584
1020,-1.8839097962703517,-1.6869375815876508,1.4804566658224079,0.5739338007631041,0.10469941497177761
1021,-1.8978082254134614,-1.6164263761479154,1.2495151848950052,-0.20686435551324708,-0.010157093267390326
1022,-2.2965330590690334,-0.8935277084834334,1.7219805980593232,2.5222926886465027,0.44501234857484917
1023,-2.104692928890991,-2.13582340480314,1.988519105276785,0.21796918759016054,0.8895554280260529
1024,-2.0288140169892284,-2.202065801879383,1.4149770911902884,0.16975406580271574,0.494833521735955
1025,-2.060026202870814,-2.1692287138594954,-0.44667867519418575,-1.2968398108653645,0.7389065039852188
1026,-2.114991803862008,-2.445282248057384,-0.8923642489702875,-0.5344334725320582,0.8340958923152325
1027,-2.2012110825634,-2.5740245462858944,-1.7620169853499879,-0.04650601033949309,0.7936420437560885
1028,-2.244600071662453,-2.464023232445847,-1.9348254079439327,-0.6930394783076704,0.5992767323046703
1029,-2.169106877542322,-2.435384730726539,1.3840370449545616,0.23361980914379707,1.058323675591429
1030,-2.118388082278524,-2.3201380602073436,-1.2402929271172567,-0.6343397247989538,0.6669415036840088
1031,-2.308146870685718,-2.266953752950638,0.583209496684166,-0.6501925928159973,0.756677028980567
1032,-2.209864313453186,-2.3132710827395675,1.1864825976458486,0.034717233639630606,0.6541476747177276
1033,-2.1058628826027856,-2.3515900612238405,-0.8110268979697457,-0.3631039289647044,0.4222116891920335
1034,-2.234508848853323,-2.4368108136711006,-0.3881329834657649,-0.2857431936474647,0.6408522750439793
1035,-2.178441959201073,-2.067021865270123,1.7686366275623697,-0.4988215424825231,0.8629306061096986
1036,-2.222331832541932,-2.2648009908043156,-0.8041277171114022,-0.7272710652182572,0.7424403363798229
1037,-2.3466878607683808,-2.372853122539667,0.6718728535002374,-0.3721704724897981,1.0830247204294774
1038,-2.327692430797907,-2.382793832775149,0.13090959160429116,-0.6787943559378234,0.919985249200062
1039,-2.138788583457541,-2.350883618406931,1.2337285758618544,-0.9066222064557733,1.1766191163153232
1040,-2.3315534370246707,-2.3882848657284317,0.837401617196265,-0.5046797355266259,0.9186166932473406
1041,-2.1421603684329154,-2.3938365150836973,-0.2286757079140402,-0.5603240811353647,0.8356622211309046
1042,-2.2436258550982013,-2.10964237211083,-0.03847448681994709,0.23227685026512826,0.002266233412390699
1043,-2.2345903612851474,-2.066841596653877,-0.464328683542801,-0.24302236094276275,0.04285443252466294
1044,-2.3171835169118955,-1.8563008239266638,1.3012903727009313,-0.6903066645923338,0.6480366968179851
1045,-2.1024873427903463,-1.749154826778831,1.8498303597808896,-0.9796084122421644,0.3360861190507884
1046,-2.205513127173319,-2.058416454465632,-0.8055380295411174,-1.0256504922859824,-0.15035753224935725
1047,-2.3193804294713654,-2.0785907416639255,-0.3011744206456362,-0.8439877172200644,0.06792939227452377
1048,-2.1468682390640192,-1.9923007298256943,1.205922995921292,-1.0569464881717123,0.7799032867986495
1049,-2.481376012009131,-2.0773083805427537,1.372442749018946,-0.9155030150528648,0.7677281141044964
1050,-2.2555725057473346,-2.0589427492798498,0.5601885210901936,-1.059075761386362,0.5687832669628013
1051,-2.237183391391851,-1.9768937228139836,1.7585881376893207,-0.94686693850872,0.7149435168982902
1052,-2.3655050327567553,-2.365405528944947,-0.9978356715183103,-0.5792002506300439,0.6499821307352087
1053,-2.4317062460806835,-2.3203999657552132,1.5230178994904942,-0.027602205062411858,0.694167898360977
1054,-2.356724368357361,-2.159566140958222,1.0637235104629386,-0.6761467837184717,0.3535913479043961
1055,-2.399661967480362,-2.247740960127286,-0.23847742222111484,-0.9202282495375663,0.6617352957335435
1056,-2.3502755699249858,-2.28212131253079,-1.5835224348475132,-0.7610903295699276,0.456773802251449
1057,-2.392324253468475,-1.9950240734958256,0.5226555978795981,-1.0244655708576864,0.5732338401556906
1058,-2.565961389404659,-2.2326196235615257,-1.3024043209933918,-0.03247554676757088,0.3192992090226021
1059,-2.396343561871351,-1.9184721397611868,1.6886210579335992,-0.797983211701306,0.48132176768426277
1060,-2.327100276457048,-1.9936003601251087,0.6345532993652495,-0.8048395365997273,0.2675152105723851
1061,-2.4957038759669112,-2.1328464794129665,-1.5791516139289026,-0.708489129139903,0.11668762733335299
1062,-2.5784649468796466,-1.7226806537651076,1.1652373562577496,-1.2680230571185835,0.24766966346959007
1063,-2.5662437749190334,-2.1668549083426134,0.7619836853015096,0.2810344537129892,0.40443468100815827
1064,-2.503948930523329,-1.9281717865134615,1.735560305262021,-0.8744198792335398,0.5210519258615312
1065,-2.62916269917669,-2.2140989718184074,-1.2841676220717526,-0.7776968533638565,0.5458309733325565
1066,-2.3877288417605276,-1.983819134708107,1.3469722997578673,-1.058888145211034,0.43928071150761827
1067,-2.465425476760134,-1.8591914704218069,0.8739271763751911,-1.2413556899021891,0.3034094165032506
1068,-2.549784547268731,-1.8950920319496336,-0.06141693377203553,-1.1717650468825032,-0.05719717555355035
1069,-2.5120624506774583,-2.0795398727746703,-0.366298735113745,-0.7435808068315245,0.5338229885837759
1070,-2.6844975597536918,-1.8659649328044412,2.0465094752213755,-0.6999437617676342,0.7053203769387733
1071,-2.5323896941675357,-1.9302541466303897,1.4062996058166284,-0.6634935534359361,0.6030170107107823
1072,-2.608175220582313,-2.0839783051681553,-1.7534594941560453,-1.2392569284681532,-0.21103610009077015
1073,-2.5724074192067055,-1.80369982667964,2.022950418412191,-0.840082982671263,0.38797088125248896
1074,-2.716968074260563,-1.9885939864266422,-1.0280705367281326,-0.6843396955653347,-0.18075608743065574
1075,-2.792108468705139,-1.9480694619596335,1.1919500178627473,-1.0703422195526864,0.43490635768152175
1076,-2.7921444138601963,-2.063307592377495,1.1553781202548705,-0.8517874353491117,0.41061485946075366
1077,-2.9006571621053854,-1.9049453360264375,-1.3324262015693202,-0.5974226068700953,-0.2349226761241572
1078,-2.756749956910431,-2.0804670719123837,-1.370190351875065,-0.49533421880567224,-0.005865205796761677
1079,-2.8375878139445834,-2.0174869185769277,0.5921446537616739,-0.1513302337226244,0.37412039920454887
1080,-2.7826063588131458,-2.1122692795110285,-1.126179578791043,0.04246059464999713,0.027988269590809644
1081,-2.8921434285621714,-2.0509648274663816,-1.2056309154589844,-0.13543315412292625,-0.009990956122707
1082,-2.8915616455154782,-1.797005081421493,-1.1451175351158187,-0.6650654180308212,-0.3794661543120995
1083,-2.8500307363628665,-1.8909923699939926,1.6612208480620632,0.3744680677971269,0.06581573815235178
1084,-3.0718042603479088,-1.772395193187755,-1.242488272343099,-1.0026954897465505,-0.025030696931182633
1085,-3.1515834046738815,-1.8329572211347276,-0.7596064161122758,-0.6219489395369328,-0.23274649623837432
1086,-3.0440835944632187,-1.722334857582983,1.679126056085161,-0.5284213228527032,0.4812535778352661
1087,-2.9374578918470613,-1.7361314536123114,-1.616049179972201,-0.9886246842896451,-0.37040563590492376
1088,-2.999018244347163,-1.8623437984408686,-1.3364178117361285,-1.087816896230559,-0.10276964435643146
1089,-3.0384344679500344,-1.9463082776399026,-2.0182575141129475,-1.1206423004271826,-0.10457992530178732
1090,-3.01805665587462,-1.7615724248163642,1.9083271841622294,-0.9027067335199535,0.13989386209179416
1091,-3.1473054053529865,-2.0215967422122465,-1.0685449163417402,-0.991548828661668,-0.10726915846747227
1092,-3.0232123947481133,-1.7799419449406098,1.719737572708948,-1.2668387668753662,0.2931369659646543
1093,-3.093204228888033,-2.023684785226419,-1.5080227478196861,-1.1761115291328483,0.09693363731562603
1094,-3.1586125583329006,-2.0088503775369544,-0.9659823925826843,-0.8087321017966108,0.0854418777193526
1095,-3.2192554038053087,-1.99893607477752,-0.5037483605666955,-0.48267866045193614,0.23338491372257655
1096,-3.1291612999644873,-2.0558022221417236,1.0103581754488475,-0.4557800927914053,0.43875631477863114
1097,-3.056093350851316,-2.2162174423307572,-0.3926727178734871,-0.5069421188240963,0.34914697333533873
1098,-3.007910834550993,-2.2032160310396662,-0.48122048548187835,-0.5399604724768282,-0.0007528191722421796
1099,-3.151857074376669,-1.9950313463054978,1.4868198376150181,-0.1111974533364972,-0.004400107892376887
1100,-3.192871982857467,-1.961051192580494,0.10784786766997202,-0.4820303702404856,-0.08700563152261882
1101,-2.996134130767041,-1.8543015452517282,1.0808128900066896,-0.2887283739440323,0.18290958140620153
1102,-3.003444307314411,-2.2569792050335344,1.163362750747401,0.05788892770212499,0.8217742631961077
1103,-2.9921945733456816,-2.1309144533955804,1.9545372787099071,-0.5334182338359573,0.9108578702154567
1104,-2.971234812512036,-2.3516799583604473,-1.865870871809925,-0.46869566755320935,0.11311895093910881
1105,-3.0239852565659064,-1.9549489470765569,-1.0761810689878974,-0.4160020835375121,-0.06629810985407757
1106,-3.0621447510511115,-1.8673445010853433,0.09425598380973657,-0.8632067333643298,-0.27340818102927955
1107,-2.952385042703839,-2.210269912613639,-1.5338772991640859,-0.9097836734648134,0.3214003799872401
1108,-2.9634144880099753,-2.1198855552521034,1.9215867968199425,-0.5459350004059371,0.4883732344356829
1109,-3.1584438968350215,-2.061116146374633,1.9538869738407467,-0.7203828886635815,0.3570433383221584
1110,-3.082330788961316,-2.2397949436956974,-1.1778862555120624,-0.6135581434018484,0.36672833614533923
1111,-2.957709587909877,-2.09792345493456,1.982188827794257,-0.4311344146845572,0.42518918359123825
1112,-3.0301367576805993,-2.1041329475286394,1.2442627759833753,-0.3794030186901854,0.5561575126341396
1113,-2.887845794091357,-1.762573896029453,0.8452454336786551,-0.7486386037069231,-0.29489471406230955
1114,-3.0491136981895677,-1.6968413552433512,-1.5723227915498392,-1.133102811294788,-0.3766992500746549
1115,-3.041518295683926,-2.062337181649987,-1.855782318763242,0.15724199241208378,-0.4161078890458226
1116,-3.0276654181119773,-2.015545983960095,1.2304833727527242,-0.11113673562022142,0.20915966805785008
1117,-3.2826269081255135,-2.0130469975597114,1.6927396077965673,0.5276667054422879,0.36912697120926785
1118,-3.3409526888342467,-2.069886649313584,-0.9999348109874908,-0.02084031672092374,0.19242410360551598
1119,-3.454906339710594,-1.9334157658174917,1.0492655628740903,0.30404314776517555,0.2168115329439794
1120,-3.3359499342034176,-2.1028132726020003,-0.5015950348801851,-0.7523321168502117,0.16658751363402216
1121,-3.1729303279981314,-2.3079559204612314,-0.854291434490313,0.053327670323654194,0.21868162052153964
1122,-3.2780543490297243,-2.0421214484557524,2.4872372800698948,-0.3339019745373142,0.35382747245439283
1123,-3.491343792526182,-2.1232619877699768,1.2244683998241292,0.19221411877887584,0.11009469603174245
1124,-3.4069678938836083,-1.8349691002838355,1.7722584418841119,-0.30663230511688205,-0.48297994635968994
1125,-3.447139111200784,-1.9606518631806968,-1.1751454915878061,0.002552801550756256,-0.555754842787372
1126,-3.4832331935116785,-1.8960946861060375,1.5440558072734458,-0.588641566461208,0.07762438894570574
1127,-3.5669858206556384,-2.4631627053670138,-2.5260144003588185,-0.9739690904810999,0.37318964519068026
1128,-3.4687703693846683,-1.9621586272154485,2.4431096700899824,-1.6206653931022288,0.31834207358097927
1129,-3.5022272741327964,-2.1312624798370754,-1.1472061258167119,-0.3600652369287604,0.13390938649864875
1130,-3.43458229321637,-2.0025858870997295,-1.698403517733931,-0.9081421421606416,-0.4473597668400958
1131,-3.4558451163238453,-1.9161648018044553,-1.19827210568367,-1.3422564389065454,-0.14041087618196255
1132,-3.5181254467114766,-1.8604736782630538,-0.9512679691605552,-1.3981020629680925,-0.3787665838104287
1133,-3.4786703428213266,-1.638737705225549,2.0907372067670575,-1.2502813516056652,0.24271586195333167
1134,-3.4039458350771348,-1.7687523346279568,-0.875333169393176,-0.919444944032082,-0.2589727387928458
1135,-3.3566015464576138,-2.246860593734841,0.19063968750733845,-0.7441405959852732,0.285229457024578
1136,-3.1530496805704886,-2.264453546829162,0.9258908360949879,-0.6370452030142336,0.36138783965565335
1137,-3.3597845584695274,-2.2665095238770734,0.3252273573677578,-0.1576732555525537,-0.022643940367939982
1138,-3.4089999173139844,-2.0986506023596583,1.5773487171636091,-0.5015750315588702,-0.17909838200335196
1139,-3.4027155168443772,-2.063675813864445,1.6614987518395705,-0.29779647959353595,0.3420728093771537
1140,-3.3563066418131218,-2.2794664168540613,-1.9025295621742269,-0.6228516458542207,0.4146199155521613
1141,-3.3520075901255875,-2.029478696019751,1.2731225138586797,-0.660976870446604,0.36439441145213486
1142,-3.3585128689163626,-2.1963577502418636,-1.0843859872853232,-0.6769699306754888,-0.050154425635558324
1143,-3.2787290326475316,-2.171537043866683,-0.04629904390583717,-0.8286698839468616,-0.0470673007190386
1144,-3.418859312307896,-1.9703307150840876,-1.360185806980584,-1.5390457139803946,-0.1280448760122543
1145,-3.353133325002803,-1.93885450862631,1.354669251258627,-0.9661516029886509,0.28690610061378824
1146,-3.269601428811009,-1.9956892218706122,-1.1629562344950666,-0.9042143552128992,-0.35242361592481136
1147,-3.295201521198909,-1.9881079046859966,-0.4328755934376514,-0.6345259338558709,-0.44504676734384907
1148,-3.4383771433469015,-2.0539244348486805,-0.41858196753568044,-0.5241180590224743,-0.12667969414057811
1149,-3.3125153629626647,-1.7015205412005727,1.31432864360975,-1.1254239294426414,-0.34322967559072237
1150,-3.2567946121903084,-1.5663349043684407,1.4369314527672659,-1.2437320801463547,-0.26815385330046704
1151,-3.4737834373724943,-1.957833904111903,-0.5981587256937158,-1.4131609066975745,-0.15908363953108043
1152,-3.389762364138719,-1.8322706656168153,2.2879698581846983,-0.9122151799461651,0.012039355614979642
1153,-3.4382583717409285,-1.9206255731873587,1.1449378939844228,-0.6980815284109441,-0.35125621856997596
1154,-3.4053563663355226,-1.6621308803113217,-0.6244617409001144,-1.1281010933005173,-0.7068645023564405
1155,-3.4390350668401646,-1.8982664700007883,-0.6596177421580511,-0.6958338128768432,-0.5670183954021784
1156,-3.50744954789602,-1.919362992080533,0.42648345910512137,-0.15771501345767305,-0.46085639402376793
1157,-3.4128415794945344,-0.8371105342337434,1.0815038066547231,-0.25755267790936054,-2.063640716527361
1158,-3.3222230031087276,-0.9873185220830962,1.822963570228303,0.09814841006364082,-1.5656413382103116
1159,-3.4391572519400637,-0.9264267195545667,2.1510692776713123,-0.1336891077064661,-1.293149478572588
1160,-3.432112955616181,-0.8223725998222209,1.7540742862089092,0.009855239859821015,-1.864556783799672
1161,-3.554967812071676,-0.7996524701679456,0.6490377518984001,0.008411490246146156,-1.9686008177634202
1162,-3.5285763340004266,-1.3324616596277414,-1.059602533242991,-0.4178200988688716,-1.7057425072236445
1163,-3.3965009637543178,-1.1643850278709509,0.9971768761863495,-0.9394935383274542,-1.2183023290249178
1164,-3.5775919517290893,-1.5217511788509084,-1.2992820100848292,-0.5789994494859227,-1.0393007360216207
1165,-3.4054962968219464,-1.0524327147661956,-0.6290818226577443,-0.5834353772768093,-1.7190001347073056
1166,-3.4974217938705308,-0.930448734994662,1.6391933472492082,-0.6151936912465958,-1.4683053884358743
1167,-3.673970717044809,-1.1853806730680305,-1.3915614115239883,-0.015671676435699423,-2.1908574173821105
1168,-3.546837602039387,-1.1003961937948632,1.7275088866354142,-0.5303145844747267,-1.2939874494811663
1169,-3.669873451239671,-1.3160733697902736,-1.4703322379051127,-0.42692131806184147,-1.2516020136582071
1170,-3.687752568405851,-1.3723545878998793,-0.2169130259222387,0.27046114969297863,-1.5773166042778195
1171,-3.8021685360184,-1.157501059114516,-1.3659238254656123,0.042958962512659814,-2.117104955606782
1172,-3.6129650564243327,-1.003548790193722,-0.46826597004795667,0.2435429477569646,-1.782115151985847
1173,-3.6659332151732777,-1.00110904534083,-0.5331090274757007,0.09677347084027955,-2.24717390664232
1174,-3.6191299668083956,-0.9644690975696494,-0.23001441485064703,-0.5777537388033263,-1.9050785056858326
1175,-3.7820877168217493,-0.8363338591062103,-1.457882032604741,-0.9007351398466139,-1.9600108211076985
1176,-3.8421348259931767,-1.0185780378627087,-0.3862510846346874,-0.2459047552363231,-1.6326069736115816
1177,-3.8236391919831103,-1.0421597442717911,-0.4130149023359709,0.31070466125147556,-1.7015506393620832
1178,-3.838876011845013,-1.0729687708341813,-1.318448897676671,0.2701569538476318,-2.0592953787416546
1179,-3.9035562052987607,-0.8930249295977488,-1.0238265792546073,-0.10409314437403694,-1.9418847666241525
1180,-3.6582829899021982,-0.847008774168884,-1.40507747579469,0.19804407971708374,-2.303848344447426
1181,-3.7840381693639955,-0.6992291653241623,0.9879634860553288,0.2665387796751902,-1.971442512183346
1182,-3.852540440940818,-0.6117947091935908,-1.1691317996406267,-0.3548256737958703,-2.5405423728415206
1183,-3.865526509384445,-0.6713277566192021,-0.16284633575414184,-0.02276507620177267,-2.564877769979687
1184,-3.831150287251832,-0.8549009601847405,-1.5054029859416849,-0.4953434548962966,-2.096354547300948
1185,-3.8053352573350403,-0.7011300093044945,0.3951222191794334,-0.8638856519175191,-1.9519340755782177
1186,-4.018756924704258,-1.2320970486729852,-0.06205889087167216,-1.5924089209761774,-1.7575463699271898
1187,-3.740493675180597,-1.5012601880438692,-0.9782781145897497,-1.1215599604041349,-1.5467275728703664
1188,-3.901586573139119,-1.4146088793786649,2.091708249179664,-0.5220377627991222,-1.1443258331918884
1189,-4.062409849611269,-1.2646727934701636,1.4787570130526113,0.17838803558983743,-1.523736139784331
1190,-4.064773450678217,-1.290788830110769,-0.6253952689376225,-0.1114960045258485,-1.7009264601452774
1191,-3.997661013468573,-1.1633825049507271,1.140798702981424,-0.7748220520521825,-1.2317643030329604
1192,-3.9665031391309507,-1.2501648840965816,0.44677480657316926,-0.6299030333132754,-1.5028264635406983
1193,-4.037721222193739,-1.1231730897688912,0.7063699187256668,-1.1145239369917597,-1.28249786677545
1194,-4.020692083705877,-1.108286964722315,1.9429958773231104,-0.8361589229986478,-1.536692123043694
1195,-4.034382132413394,-0.9942119228511985,1.8020715666310727,-0.9412340747833416,-1.2404958078052852
1196,-3.969276301532881,-0.9802963388434526,1.922140152700797,-0.8248891656053595,-1.4096617307190473
1197,-4.142058553849561,-1.0441457317670146,-0.7504246064434968,-1.8119711264724032,-1.3431570445415495
1198,-4.149407444789379,-0.8603771091477818,1.5694727076123078,-1.618376661699163,-1.4800660765762157
1199,-4.342470678360638,-1.3443294951320102,-1.7599289194161747,-0.9861780344635863,-1.6648985156023173
1200,-4.1859165272489225,-1.1301897826854552,0.5511482209243215,-0.30883299877975057,-1.6015400881516386
1201,-4.174365975470276,-1.3864209079123693,-1.7211183567998039,-0.4042736446258986,-1.757271863542419
1202,-4.297434516687739,-1.514049184545483,-1.5151372819231703,-0.3194390671230812,-1.6121737405847083
1203,-4.2395385825154355,-1.3955142163814596,0.7485711542488458,0.13473946791598998,-1.042472939101694
1204,-4.135589942849301,-1.2421952083753685,-1.5328968089240513,-1.296768874992451,-1.9196995328676778
1205,-4.07955427162085,-1.1493912558050878,2.2299483303986998,-0.1203769215789818,-1.383700320901727
1206,-4.265296675654842,-1.3040811208166214,-1.381148620441565,-0.9787594701981298,-1.7364730071958783
1207,-4.341733519958827,-0.9309420340833798,2.2225324216794493,-1.4017561554620714,-1.1941180214378169
1208,-4.260385578896952,-1.3097895224442082,0.7818127632147874,-0.6435622801808277,-1.3010022553730864
1209,-4.248033812457551,-1.4305370217863682,-0.9180344612001435,-0.9541962003357556,-1.3631173466707156
1210,-4.266885667814901,-1.3099947476196763,1.5782446272663457,-0.48226205508712067,-1.3517022344378837
1211,-4.287506793886652,-1.276212231091135,1.3027067687474774,-0.23813518811527573,-1.4952581615867433
1212,-4.3437352403405045,-1.4131288930108992,-0.5062494548498817,-0.870685196607206,-1.2291480510075024
1213,-4.397888577830764,-1.1057714550424425,0.607953381437112,-1.1092523951141504,-1.7977947651348165
1214,-4.457693253170412,-1.0555658191331576,-0.19672715943658747,-1.420213638685268,-1.8081810786143693
1215,-4.329736167506711,-1.0441442925086133,1.8835681017763213,-0.8230658798050133,-1.2082637504070388
1216,-4.391492079356866,-1.2878112358443154,0.9692924305323527,-0.9011995109621984,-0.9197357013327695
1217,-4.452413231681238,-1.2531972688975417,1.4577947959030961,-0.5784613612031351,-1.3267030779417324
1218,-4.698466651655313,-1.4494522490942163,-1.5779146167611136,-0.4368510085659781,-0.7263415712459048
1219,-4.470975989822229,-1.5940144898826023,-0.032688191146701795,-0.8833316644878669,-1.241322549965953
1220,-4.326500484598047,-1.501659201176515,1.7612665172852757,-0.1825251406572114,-0.876330560049184
1221,-4.451506270702795,-1.2608161764153683,0.850121304601601,-0.40346135301366126,-1.661354998278853
1222,-4.517182186087814,-1.2560966953625217,-0.2988321326213133,-0.2526678877762547,-1.5434010644582816
1223,-4.44769555632916,-1.2668549107155522,1.275696138460851,0.3731728612649988,-1.5224277768248595
1224,-4.6626382987278125,-1.1584720343190384,-0.5878238457215239,-0.6067107269517102,-1.7613793915544094
1225,-4.502410208680181,-1.397267879703646,-1.2333913476347858,0.1472878959804395,-1.9430010449465638
1226,-4.51464423640916,-1.067274988121223,1.4056026716452301,0.0676245844946593,-1.711402833401663
1227,-4.602713571255814,-1.3749423493869164,-0.19563208295954132,-0.2976054479712029,-1.128011408910393
1228,-4.457634231363375,-1.2536560954536822,1.930693445551062,0.07798342101368567,-1.2952231675819885
1229,-4.656304208806479,-1.4281865777350093,-0.695109815157636,0.11531564828806908,-1.4706134073814092
1230,-4.35771925896015,-1.2202360115796405,2.87289538812961,0.21697918466506552,-1.2296600431316287
1231,-4.672785152561169,-1.6122436403650042,0.2683049170427404,0.41710901172657155,-1.0258482238156532
1232,-4.6919833372938955,-1.7323756036663922,0.5042477371923808,0.2869482301554745,-1.2413104007041633
1233,-4.839255991485427,-1.5549690498261244,-1.5797591305559504,-1.0056128266403672,-1.123019908806834
1234,-4.592388692574856,-1.4032469923559139,1.3824742376701313,-0.8335651076029666,-1.0812202333760759
1235,-4.6435541128138045,-1.6788199208575567,-1.1040481357495469,0.046270109886845295,-1.4898249151574365
1236,-4.620839374989071,-1.345923330806798,0.048151040214997526,-0.41404830947353,-1.5678870388414756
1237,-4.591916363248692,-1.2148084437749462,2.5171359161064917,-0.6780049632569084,-1.2894217599996143
1238,-4.5374340583048385,-1.3315378436838528,1.042664637489945,-0.23729633711050224,-0.9630103110161546
1239,-4.605726365784663,-1.6286609313575233,-0.5059448874673976,-0.7304764582729479,-0.9956560159750318
1240,-4.430629675515681,-1.1641531657484088,2.332372429166139,-0.4800172383504419,-1.245596755965525
1241,-4.563638361878769,-0.8929218505099227,-0.33465216768986894,0.20082109604949955,-2.529913965898494
1242,-4.481017896430889,-0.6778434847002337,2.484926110970256,0.6008920663019355,-2.51156341030493
1243,-4.459617807245395,-0.7710924475275956,-0.970501772362176,0.07406086831368426,-2.6872325836011997
1244,-4.587761101367852,-1.0051950650848556,-2.345587394728717,0.24059022730705576,-2.333773673090534
1245,-4.4033314655235625,-1.0956087548713793,-0.3621827094257374,0.7330070179187302,-2.409137182618227
1246,-4.506674804013129,-1.1205318207800492,1.9246458785196057,0.47258376332377866,-1.9252565165402873
1247,-4.550333695203467,-1.1364533427216317,1.5494461129189556,0.1713504924743683,-1.64209474287771
1248,-4.449573904593954,-1.0958212394385414,2.850723878806283,0.1009545658106203,-1.6117428991027587
1249,-4.427865994908694,-1.264891181499185,2.31188170094301,-0.038252715887771765,-1.3635653614588397
1250,-4.402000810316707,-1.386916878566279,0.4434634545379342,-0.22300160556279247,-1.4876160112833126
1251,-4.597269435083654,-1.6203001722611472,-1.4750383313127802,-0.0010839643500877448,-1.5740210059920914
1252,-4.504531361062531,-1.9173910391219775,0.5827898239028764,-0.5105563192170369,-0.8842202165775448
1253,-4.74951488864481,-2.0331739555275647,-1.0960126950361728,-0.5897107982942003,-0.6612436881277425
1254,-4.7075518315537455,-2.0160242392423124,-1.0920241131284634,-1.0998605849315983,-0.4344171883104055
1255,-4.5397881726772304,-1.791949893201987,1.7306958910589378,-0.5951340217258897,-0.8868827045154012
1256,-4.7644508866640445,-1.9989370079004336,-1.4694496399724122,-0.9858626865578572,-0.935473937569785
1257,-4.678592132351008,-2.114317884900856,-1.7963531649535558,-1.2073232357054358,-0.831294716279046
1258,-4.641360559480142,-2.047526586060171,-1.4012003514438802,-1.1705164811812698,-0.8853963590262154
1259,-4.764330835321379,-2.018268040509213,-1.1761084373827415,-1.4329163867536687,-0.44210944351636805
1260,-4.72398639499925,-2.2313749936423255,-2.2791898611982053,-1.7286111271853777,-0.7621724947464157
1261,-4.675451504178424,-2.1440209814080693,-0.2190443433169258,-1.4914851323342715,-0.273498767598171
1262,-4.778775185529384,-2.180917779110648,0.4645188007139155,-1.7730780550207466,-0.1343878588539027
1263,-4.714860593695874,-1.4152898605554702,1.4912678943998496,-0.9145615802706809,-1.1272022303961906
1264,-4.610358178937214,-1.5088808113592547,-0.6913026630818332,-0.9074067031071356,-1.2926019635536767
1265,-4.818352574220345,-1.9685481499584692,-0.9063831184637399,-0.026341127498653527,-0.9200097005235653
1266,-4.707891409149029,-1.8845342835221535,1.441971380347532,-0.6429496898823784,-0.681461793024939
1267,-4.696501277939014,-2.2935322663872277,-1.510508493019893,-0.4387718038313963,-0.5450965962659016
1268,-4.724360909212042,-1.316120923487856,2.2367594442303664,-1.204447814030033,-0.9221844019502448
1269,-4.814284192283016,-1.6008289804588318,-2.120348909609989,-1.4589641159958149,-1.6285277219382823
1270,-4.735617983695719,-1.6051512631242086,-0.2136687712731563,-0.7850963533553287,-1.4760121265313724
1271,-4.931203852001801,-1.7169408029891662,-1.2218561328181412,-0.8454788827006521,-1.3233296346185237
1272,-4.892409384349533,-1.8642453449208758,-0.179435041133987,0.13482626122763883,-0.9992882294083398
1273,-4.818678132031546,-1.7384960978462,-2.2124335472189665,-0.748651939505237,-1.508361798937722
1274,-4.75652064266006,-1.7484591397985798,1.1802710965650323,0.17941587901257913,-1.3642984086184402
1275,-4.894889398988687,-1.668717248973384,-0.5582833150099605,-0.2616450486322729,-1.2979692504678626
1276,-4.88626092479901,-1.6379034347559995,-0.19648257320026974,-0.18545307738361796,-1.593145461416804
1277,-4.916329116986849,-1.246031868992762,1.720214432702444,-0.5209159060722136,-1.544232386458122
1278,-4.899289431448954,-1.4553985374443785,-2.0335151913240033,-0.45210254622014684,-1.8072625833263085
1279,-5.143138064852746,-2.4025141211355177,-2.3158600424214173,0.23321914835527133,-0.6815412024792368
1280,-4.9129038595943335,-2.064595994741981,2.134119364819463,-0.4573178688103388,-0.14708007437279116
1281,-5.23341602465704,-2.1669255798151674,-1.83752053139307,-0.4407109434855904,-0.6624125617034733
1282,-5.221312659758562,-1.7292081499436274,0.6951591195293648,-0.17087098376250653,-0.6046943752166367
1283,-5.167287743299752,-1.8110287811033912,0.18619098686988234,0.3458931518909621,-1.0060433767954258
1284,-4.846092734919318,-1.7293519352284215,2.439255844529564,-0.757781547511081,-0.8278611905566067
1285,-5.061338647745029,-2.3054773190959694,0.06941494009619505,-0.11472625375604797,-0.46510644605080664
1286,-5.069447110573503,-1.9405052391477138,-0.12006273196547075,-1.8658153475829498,-0.739665048065452
1287,-5.199303011925921,-1.9666000200540008,-1.5110064737409061,-1.7666174192506234,-0.7471165343879093
1288,-5.288282673503227,-1.9208675218104412,2.1654921417318778,0.07765792695236322,-0.34511555353929335
1289,-5.276480235633818,-2.0779599470039054,1.6882016555902744,0.8504828488093629,-0.33304441606605445
1290,-5.3635968263599585,-1.73513817714735,1.416233501977829,-0.300531665774828,-0.41478060895870694
1291,-5.436404684020423,-1.7552277076135536,0.8343501053895342,-0.3467429713336355,-0.6739433751571812
1292,-5.54076712113636,-1.9400712325263472,-1.2681807019398008,-0.43736902276240885,-0.762575047593191
1293,-5.3542315388186195,-1.8291329122648154,-0.41962096686374367,-0.6490850323884039,-0.3455233416982783
1294,-5.286263577376261,-1.7274469453282673,1.6350601537877918,-0.06231733975555135,-0.4779258695527621
1295,-5.416220343284524,-1.6066529854807567,-1.223759678460679,-0.78249518831601,-0.8260531778763459
1296,-5.420715187544901,-1.6746764362968782,-1.030957752959923,-0.2780452192556642,-0.74802119988987
1297,-5.326047545102044,-1.5485982505775049,0.17198495706869216,-0.3963702358619171,-1.1441004567809427
1298,-5.402840112567703,-1.317356976783317,2.7350413003354896,0.06678729216932763,-1.097317492869207
1299,-5.516506606815513,-1.4513789068044396,0.0006303259199533598,-0.4881971505813713,-1.1157734134923247
1300,-5.427294278186239,-1.5490663452335829,-0.976896553447022,0.10597389133059246,-1.2693978486559259
1301,-5.513665465368733,-1.668925140843112,1.2186770356818735,0.0937541411005052,-0.7630470625843215
1302,-5.446199831322818,-1.5129559953954645,2.2026602777242443,-0.09215355087053473,-0.9549170445234326
1303,-5.364551171316361,-1.8692535866215827,-0.32041853456509367,-0.4878638618451419,-0.5915755694776018
1304,-5.468151299732589,-1.583337097756899,0.8893632068052049,-0.7008928603243255,-1.2379594354021344
1305,-5.511211318485133,-1.734091714942394,-1.2698891990028915,-0.3037623044527449,-0.9748050677666176
1306,-5.365868122148616,-2.107605544655864,0.9446843179218415,-0.7175138370914944,-0.796127491067484
1307,-5.2192794373626015,-2.0238958749611444,2.7012579924013833,-0.6828935398931156,-0.5580426166644632
1308,-5.415421118800087,-2.0378339143343984,2.3327419382099794,-0.3005170551850365,-0.07843705284991062
1309,-5.207790633011841,-1.819859766471947,-0.06346200458204283,-1.0034394553242323,-1.0302545029350059
1310,-5.517643514124734,-2.1233966716634236,-1.1258893950241535,0.13578556697871255,-0.27345556338292915
1311,-5.273054173197246,-2.021552413719844,-1.369098231247607,-0.9696278100897325,-0.8750819678466194
1312,-5.317207897170358,-1.977502652002927,0.46435540538204284,-1.035335499215063,-0.7179272947692156
1313,-5.317035151216621,-1.8235676290016765,2.34690931748488,-1.020549182396741,-0.528886830847028
1314,-5.386528786226185,-1.7908189419277196,-2.0590168644929085,-0.9459689576133197,-1.5814164735862473
1315,-5.239692239313156,-1.715316977686559,-1.7819694624646465,-0.06777051018734853,-1.8483957561950435
1316,-5.264974499539812,-1.2049179593737267,2.1335501108507,-0.4033584825372481,-1.690114300139485
1317,-5.243704352650375,-1.859894490665965,-1.312522940792936,-0.9275771975453394,-1.8445990720127907
1318,-5.068518503183291,-1.6635332573201376,-0.8476379492541622,-0.9850035682341023,-1.3522733604645794
1319,-5.165341502658587,-1.9471774103375703,0.7448546758861394,0.1097316694378886,-1.3412718470789526
1320,-5.174922581353976,-1.6690197245569212,1.1062276594835634,0.16126784233976538,-1.9259838091978492
1321,-5.129819761130454,-1.5562346510713803,2.131255905404586,0.023636457362605258,-1.659602042911257
1322,-5.1354117425174,-1.8886835832371724,-1.7932689465547413,0.16717822594977932,-1.548081588300308
1323,-5.128297303550479,-1.668729268681662,1.6602765268691564,-0.2010791441045882,-1.5735550465044643
1324,-5.285390305256355,-1.8930673474955684,-2.3796995672426204,-0.5567210851172681,-1.497283827633973
1325,-5.277481204680288,-1.7739701882752086,-1.2058475480680966,-1.2963299470472247,-1.3832199962120213
1326,-5.209964418510383,-1.9989427850347992,-0.8325971495573312,0.17086982845156715,-1.528558510512493
1327,-5.219940205971647,-1.8259792039895397,2.0266179341015222,0.29611863455055515,-1.3469290179606719
1328,-5.573550995246633,-1.8228515927553124,-0.18145898638159447,0.8612751651332566,-1.0048585003598658
1329,-5.4840307608208,-1.8682259763914997,-1.0441495504737193,0.7670280500026325,-1.0866455215341435
1330,-5.612622428798514,-1.6359323028789774,0.6916689127511708,0.7799816379939973,-1.3454288414191657
1331,-5.332059424235218,-1.3821938426788174,-0.5316988370431939,1.0235923245765517,-2.00893286927042
1332,-5.1311511614777565,-1.0878458799411732,0.8129764311254597,0.20072555712902473,-2.3341033404168163
1333,-5.04610921715126,-1.6228513696122837,-1.7426385859562303,0.3999864129872701,-2.6531475709516603
1334,-5.551187098396349,-1.6310680440527108,-1.7249827201226486,0.6803353374257195,-1.8155997735545617
1335,-5.518348522888,-1.626292596841874,0.5548740997756413,0.4413745462118387,-1.1475085728910457
1336,-5.4261461097896335,-1.672468394658214,-0.9502714299545887,0.5588916233171094,-1.253628270711933
1337,-5.634090964209947,-1.7735733103570832,1.3496099685447238,0.655811365415565,-1.0741058845988465
1338,-5.560687957439574,-1.7186491078736281,-1.1348500706342273,0.2994518563770746,-1.303803347136331
1339,-5.454334208162007,-0.8936253511837626,2.265308990775917,0.8784150947288466,-2.4578280877364795
1340,-5.320243031668298,-0.544632133232502,2.5602672555112425,1.3518007013490017,-3.1492240818846557
1341,-5.594465441367418,-0.8086152316747356,-0.6183122635418646,1.237172327234058,-3.14925003091734
1342,-5.589448115393751,-1.3796602814683974,0.8485886858023894,0.6381080633921684,-1.679704246296864
1343,-5.546074960249714,-1.2738360448266528,-1.2002473534468492,-0.787628792742806,-1.9841116023510519
1344,-5.557130231074182,-1.5124517825897499,-0.024962466821869266,0.276284020374756,-1.628377588378344
1345,-5.603664702405755,-1.3633762698231342,0.5769910212726627,0.23960617713938817,-1.9438721374391943
1346,-5.646450672683421,-1.359541662642821,-1.3400474007894214,0.9383308922966256,-2.396674060424208
1347,-5.701951060469402,-1.2936087644115781,0.14564157992923207,1.475765282776235,-2.334775403146311
1348,-5.407674589499624,-1.2139708259106585,-0.7409171340840914,0.8711271231878419,-2.6295896244559187
1349,-5.585255317681387,-1.0540743876665448,2.9109923792561285,1.2535474315566497,-2.0139429747159676
1350,-5.591866375335028,-1.1888733372097204,-1.152859087315248,-0.19391135963880102,-2.3688180485272996
1351,-5.494450870098806,-1.145631865807864,0.9839592548516415,0.596556524007287,-1.8953178046104129
1352,-5.641792703987816,-1.4185291739109995,0.6806587981186855,1.2577463116065681,-2.259558306762425
1353,-5.564950928192718,-1.841535187138215,-0.8315147906987334,1.363650244429132,-1.830526991174336
1354,-5.4831233126343815,-1.5606025479219452,0.4349885072425914,1.0049322011473276,-1.989180767362205
1355,-5.342609160496669,-1.4465411251003788,1.8061583172289237,0.4878711557937445,-1.6206773305958093
1356,-5.249369482929949,-1.5805702087079072,1.8323422443403632,0.7380913605303775,-1.6921241538287417
1357,-5.464561893074067,-1.5803335900896371,1.1290948562174867,0.8423534736543173,-1.6665541955419672
1358,-5.310760410489284,-1.5995272976839885,-1.06190736584609,1.1074649761571767,-2.0667767535173684
1359,-5.666540978971913,-1.422725193972298,1.7175070108961263,0.797635657978547,-1.606265982858525
1360,-5.30208512894764,-1.5738165275977343,0.07791218673194528,0.5392655603812698,-2.653847444336322
1361,-5.7457076974062105,-1.8156341205619633,0.11657406970096837,1.1059225079290602,-2.5675703700116133
1362,-5.400960568298484,-0.4217756552113078,1.7519482254283818,0.9597635817350842,-2.301090349813044
1363,-5.318042413824211,0.7575709650313088,-0.8266842234846309,0.6325564810092099,-2.154291265540912
1364,-5.0745505967221565,0.6134244881117863,0.28106649005217677,0.8452608306069739,-2.204234060613392
1365,-5.307012703425791,0.43642783746998653,-0.9448216327739678,1.0596267374005905,-1.6499583125964326
1366,-4.964404567990978,0.7842313796842845,-0.5118627866089119,1.5052861153146317,-2.0435716556706383
1367,-5.079243756194513,1.3811125486200866,0.5260779923659101,1.5968278655365151,-2.188925832256851
1368,-5.029548073095511,1.5527474069386673,1.4764417661254527,1.4203238102567495,-1.6357931611695014
1369,-4.9404023862798585,1.6938071329606241,-0.35913888418306994,1.262566644370905,-1.9403728293400873
1370,-4.904654014346724,1.7769814168126217,-1.2008402353513796,0.7444504651080714,-1.7052203087723363
1371,-4.8977001740033055,1.9457041492872942,-0.5457779361213988,0.6562258940896879,-1.1571303777955158
1372,-5.031450816364848,2.667209341877307,0.29312276206533633,1.9904651693948268,-1.2319383956072834
1373,-4.972849457610181,2.1917612854517015,-0.35096500528923513,1.6773508397184185,-1.0951400936607574
1374,-4.644393002577097,2.546902890886566,0.21417645346173372,0.8708015959013219,-1.3823104503184802
1375,-4.958403612565117,2.8154554071332902,-0.5694978810030793,0.9127778653565436,-1.4261512218530716
1376,-4.878972994277441,2.9125733111554433,-0.8172683577167641,1.1995543395899788,-1.7471470651523755
1377,-4.850997378909224,2.3655480898672483,-0.5247035969908758,0.8517594859412322,-0.2616840116319445
1378,-4.958658591197183,2.264967120756884,-1.549421625815308,0.9872069788445561,-0.44674701211705914
1379,-4.60111826016889,2.5835379281440973,-0.053100886449531544,0.8344945696318314,-0.7083562845859661
1380,-4.599441769645519,2.995429781418553,1.425464011622471,1.687125847944866,-0.9681420947915463
1381,-4.73420231979504,3.0485862892387217,0.2098271203407696,1.1783052218475858,-0.6326332344461179
1382,-4.806673354424357,3.0278790297257148,-0.3173371429147624,0.9707209151106381,-0.8521106597117629
1383,-4.554716773317723,3.293772225525544,0.08768456234165847,0.8898993380229199,-0.7707191706761134
1384,-4.68885708490546,3.3420851781338246,0.13143723679612623,1.0842391123603574,-0.7177985679838965
1385,-4.72022258313091,3.0240716072600082,-1.952338400831708,0.45862444704241184,-0.6804128992325851
1386,-4.798240200372774,2.904727912187321,0.1574321432016961,2.028456799742149,-0.38400868053872944
1387,-4.8299201603264015,3.102386896149493,0.5631877948436461,1.232536832939145,-0.19251136965805296
1388,-4.841469872470561,3.205484899457073,-0.8632423778231746,0.9388044568399623,-0.5714717931487308
1389,-4.773288791277891,3.1352285474077926,-1.6585944108842916,1.1940910890065635,-0.3736178038376676
1390,-4.684169857700445,3.34723789811261,1.461362958340735,1.394061672096419,-0.045039041995296694
1391,-4.771541323932132,3.5766138510532755,1.5928786486713824,1.120555694574851,-0.24729164332724918
1392,-4.8521155354274645,3.2166074994322864,-2.5795586245368387,1.4776720117997395,-0.4580890902109839
1393,-4.869764406443988,3.435905654304942,0.12472585776055796,1.0557675060965637,0.06741166155666617
1394,-4.59168239467183,3.5387569590155175,-0.5855094195685313,1.343613800174693,-0.2208436820442288
1395,-4.741119564626238,3.543650891841057,-1.4928041091480726,0.8364791035228575,-0.3513512538506128
1396,-4.8348201670185835,3.0731021519027486,-1.0978816379025984,1.3950730687792958,0.40645585734257217
1397,-4.658220219936401,3.4438762600003088,0.3975724030489088,0.34486731471957105,0.2617457036599873
1398,-4.858411615154989,3.1548367948026987,-0.12746712869119675,1.4155744180607346,0.6723438174791933
1399,-4.579148490771037,3.666088293055023,-0.928260252982779,1.2139362420908568,-0.29470989742116316
1400,-4.672783754292804,3.6525592372743265,-2.136123104043535,1.4015384188643842,-0.5417855395254915
1401,-4.610148970722237,3.703440117869663,1.3368212735194052,2.1208932133468235,0.07277983340512566
1402,-4.5862168575242395,3.3769998017141285,-1.2282343971655585,1.2658451435095968,0.29236683619225745
1403,-4.432829234736738,3.379385154792177,1.0640137254385562,1.8288748835674091,0.23387234877967525
1404,-4.699986386449529,3.523423504982618,-0.9701602373332999,1.5346255243665212,-0.14277527883684854
1405,-4.4442738998749425,3.589605225648296,-1.5027570426033923,0.818970704169632,0.04825496850675524
1406,-4.625575006082852,3.6461378251962566,0.2227468285340904,1.2823272615427053,0.026002860622798326
1407,-4.51398073552522,3.8228506192058314,0.3208197175548438,0.25985772827365156,0.06598829033999132
1408,-4.530876653197938,3.6665073111969373,-0.07000568088602671,1.147379228821745,0.46438468953243184
1409,-4.464236357046955,3.611428819246101,-1.7886267215388414,0.7146531679840901,0.08832436692363783
1410,-4.501714747956203,3.7847918589911864,1.2490857173635261,0.966161842818649,0.0904352282815789
1411,-4.502259943477352,3.4514214682300017,1.0052402155956097,2.356297649353026,0.11797860416543826
1412,-4.562858262188114,3.590296371046831,-0.4999940167925645,1.2406227082711114,0.28706915249003706
1413,-4.475917855669718,3.6647994006361193,0.6129523771005815,1.2282811888023668,0.10926087503399211
1414,-4.583148540066234,3.425270619805049,-1.5427587514104586,1.222908820721175,-0.06077310906746476
1415,-4.63255353207619,3.549670010724548,0.5889448117336793,0.6472752977301357,0.43649854424730394
1416,-4.64381883922688,3.5947136893675413,0.5927477578764686,0.7591695647995403,0.2928053514542217
1417,-4.6128049319369175,3.9277115621339105,0.9682531699915017,0.43304722455702277,0.5314722459424709
1418,-4.548334334360313,3.9368836710224278,1.5788625592691217,0.8052716811217073,0.10669344720382581
1419,-4.495361860344156,3.749440131301921,0.4676210850188164,0.8069530034104594,0.6572017602539896
1420,-4.607646757432664,3.9531230539750806,2.0909336193937436,0.573975284237882,0.8901279843707194
1421,-4.759198925098353,3.854773829332193,1.569470011205404,-0.1621308388381823,0.44139022820421275
1422,-4.827873592958862,3.54576790636415,-1.761947107091511,0.6920532991017286,0.8884118250564459
1423,-5.306984337390724,5.182937756353105,2.5011702098921833,3.835842757586805,1.8501435455884392
1424,-4.827015737295079,3.7112074280854124,-0.5558182849464149,0.8997484525577741,0.5942163819508891
1425,-4.851866461965133,3.7355756778841105,-0.01991515732651575,0.48596459342525816,0.6316928436597242
1426,-4.898290711248065,3.391242182301405,-1.4678683339006162,0.7094630764259819,0.7967001689614315
1427,-4.631779335477058,3.6500429463488677,0.7462970334675347,0.09445640717039541,0.881988768875493
1428,-4.699774047687307,3.807950876145065,0.9085073320143188,0.019731417997768397,0.5716679036463755
1429,-4.790424565598209,3.374682115860197,-0.29202015921394575,1.0303161575226494,0.5632438728740216
1430,-4.785456969383986,3.397103535377515,0.5750961491614741,0.5964666398002971,1.3456686873697055
1431,-4.787450049831158,3.622070129440012,1.4234759208133956,-0.21904808193757985,1.1863676656941005
1432,-4.8618621247569775,3.3650421703645144,-1.6707995754943668,-0.005935530952345265,0.754019828078167
1433,-4.9700066957207,3.41931065933776,-0.19586694084394898,0.18914517378431653,0.9441081472649078
1434,-4.959248408843495,3.3857595637507383,-0.6908205089711839,0.6382008938437487,0.8448281495710921
1435,-4.944813564231545,3.641735298763673,1.6713515747558318,-0.23874241894046216,1.2610705312183736
1436,-5.008094056750298,3.537782795555814,-0.0023668155868064016,-0.12861800705013365,1.2369272491653358
1437,-5.121337194120866,3.223655516745657,0.05843917411454362,0.38220401567839013,1.7446814368467627
1438,-5.078335521397082,3.3256934314809667,-1.2103603422893525,-0.19085493546373353,1.2177373970948384
1439,-5.113220909850483,3.0360935799312876,-0.13975678220044063,0.23898976877972722,1.508083431002003
1440,-5.07620905611468,3.294596833991406,0.5680966180044991,0.22403355537910655,1.4630324081250097
1441,-5.133047354089417,3.3819998069634414,1.1668024329259368,0.40418982033741047,1.6520576888393443
1442,-5.3002461997841825,3.2625571957531685,-1.0806248639864087,-0.048216535405942305,1.2602271709177637
1443,-5.359118472827952,3.328158910060707,-2.6168701568656907,-0.002410765073646258,0.7667336981562646
1444,-5.242364796220983,3.481998324990771,-1.8192160646030526,0.391049517853068,0.5716285957649321
1445,-5.27354070537408,3.497228973034462,-1.22174594977277,0.421404831152797,0.6672451985072575
1446,-5.348393463887729,3.333814599411414,-0.25488947903736053,0.15455698624236336,1.195956999920517
1447,-5.456150243585654,3.1353182781076847,-1.262739625539802,0.33716887309820903,1.1558048461609205
1448,-5.367795098467777,3.277427088349228,-1.6159510815288423,-0.7625984376099157,1.0534251976838844
1449,-5.50898894032296,3.316882062295707,-2.047529275330611,-0.31634145776240463,0.9291712527216113
1450,-5.360131713673094,3.5807026022674213,0.8497847719633054,-0.7727477480703333,1.0948941567195436
1451,-5.465518512773954,3.1772954244848144,0.3430757111812568,-0.6606193128294172,1.8210740568207147
1452,-5.342636023293553,3.1435093004054395,0.7435370722065534,-0.4427706434367827,1.8768493425530437
1453,-5.385570838224871,2.930218683853914,0.2464882257158357,-0.39208930558464977,1.59060819101362
1454,-5.378351214518037,2.8873000516634946,-0.9968852025798239,-0.16028479000251852,1.5306543997270967
1455,-5.514925696763419,3.1409382650145017,-0.21599072245650816,-0.5212340287762683,1.7459243616764035
1456,-5.511416665999252,3.3249455942447166,0.16272560882821824,-0.11161214823309464,1.1239807908556907
1457,-5.453434907909458,3.3542294801553876,-1.1930395162986063,-0.6627103799869697,0.8489082818442331
1458,-5.390742478305125,3.37324045758483,1.0523067651069073,0.10576730347740118,1.606602970461528
1459,-5.451483074780818,3.460472442488195,-0.3401567227398904,-0.45264250362119285,1.2422380548300211
1460,-5.427830151006355,3.3018542909088358,0.05709160886719607,0.09579747079360182,1.3079328776331343
1461,-5.344944558286651,3.3683622555320976,1.1098841191685933,0.4805423082897065,1.2155951971852652
1462,-5.440767841560885,3.1933424869181257,-1.3506977559707454,-0.3382379120003647,1.382803635988477
1463,-5.563367857765711,3.1705746911153,-0.07582158653586431,-0.019322229385172043,1.388910074742928
1464,-5.468285666641788,3.2894445245557806,-1.5447725468321551,-1.0280039590668693,1.2280386292176522
1465,-5.395173996318742,3.3215728674146985,1.0650326073687748,0.03288078607872484,1.2686411961584732
1466,-5.337500773191843,3.1947763134752063,-1.8345055760498319,-0.2454646917659403,1.0095225953675957
1467,-5.394965880788025,3.127096895701857,-1.4099313187598106,-0.04029716710094489,1.2763236624220458
1468,-5.322252458602164,3.1316758635844786,-1.5640062983386696,-0.27871213977651715,1.302369994439618
1469,-5.426542093593924,3.1057128318854,-1.4834646630121315,-0.05911183244788752,1.0462889936700879
1470,-5.434178582126877,2.74056524899207,-1.5218556741244937,-0.5053091603407835,2.0485162493728315
1471,-5.520499589865067,2.8332509291361507,-0.7361805337470767,-0.5044730232266821,2.060862594079059
1472,-5.403507873966888,3.115997248287477,0.851877085489319,-0.13676873416369756,1.5828511517908008
1473,-5.420713731801749,2.8822228107304366,-2.2226353539266515,0.5455107469372764,1.5007907452287181
1474,-5.5736780154429715,2.9981976333717477,-0.8448605796683136,0.9667959177280177,1.3227102955684602
1475,-5.534159481755426,3.3729245249984863,1.6039611492584116,0.1166850380698966,1.4354568173009588
1476,-5.463650647485632,3.2384583989700726,1.4338579954193873,0.8395150850350513,1.246956092211623
1477,-5.4606385990958755,3.4903477468943382,-0.7214487227193181,-0.729692350698329,0.9004821209117031
1478,-5.447766216114431,3.412764957100647,1.1595739951797188,-0.14123694047084015,0.9721719311128401
1479,-5.411176863452627,3.131893070729354,1.2797283753308852,1.2016063228956704,1.2470683293948717
1480,-5.43583106154462,3.511741723359082,0.7431752665837152,0.23758200965736287,0.6840183984463438
1481,-5.468971168075141,3.1869418753841163,-1.0654231581795293,-0.2788793696316303,1.048389114414038
1482,-5.482967733729606,3.0112458593251596,-1.8367792858331147,0.2646989692568296,1.021137310984427
1483,-5.6019105634546404,2.782485589298644,-2.1392015676725036,0.3138021782336592,1.5048273234328748
1484,-5.621541181592623,3.131764176185155,-0.7934693984440138,0.8216138642844496,1.1325466428329476
1485,-5.578624358610028,3.126584936847154,-2.173093661290254,-0.11725166412126022,0.8987184576038536
1486,-5.540235575417784,3.1956892002736823,1.910740342587321,0.40237148533401157,1.7383431015751227
1487,-5.6312301788189245,3.115984825212934,0.012846634020141802,0.8854204287871384,1.475237588771165
1488,-5.56497197041063,3.138347216386643,1.04998936124797,0.5368079174106226,1.1499046945643787
1489,-5.54974255874163,2.8158229187264308,-2.5250126916291795,0.9832041201248825,0.7499697732361492
1490,-5.5039654670233045,3.0311207749286577,-1.2567761333234722,0.6697943859564486,1.0585011385965204
1491,-5.608709221124596,3.091615777885788,0.8055888127335638,1.0009204671000278,1.0468952698124168
1492,-5.48973461643599,3.3181828967709994,-0.2138894945634051,0.16619986728334163,0.7961746398800394
1493,-5.509718015656437,3.3240948085808393,0.7173975595716937,0.6250534271239637,0.9542799180213221
1494,-5.648786671298588,3.2490649546898545,0.5509974097646186,1.0224487826795152,0.9792167358544753
1495,-5.695397256077251,3.175322867404131,0.3335748079084717,1.6976962103887723,0.8723063281558473
1496,-5.512770741510455,3.2533578685886595,1.285721179168347,1.2733607489763448,1.074060252003809
1497,-5.568705125977689,3.17522333604339,-0.14232586829805488,0.6593119657267098,0.9163621346340809
1498,-5.679222001483482,3.0741924473941733,-2.4664037246761064,0.17040150100632376,0.887783210747346
1499,-5.624469754702101,3.267147663879739,1.159528398195438,0.6544705268400393,0.7466658317456111
1500,-5.6476183671330995,3.5254870289997253,0.4853942235163689,0.4767261247981521,0.3900696810696916
1501,-5.607200044100873,3.589525198646225,-0.1324530007697017,0.5102180898282674,0.06897899354347528
1502,-5.607787556546256,3.453210014377016,-1.0512551159696462,0.24097825497109227,0.5518582798986859
1503,-5.762031237965842,3.14628778719208,-1.6403970375029302,0.43133486299049717,0.770849849090669
1504,-5.664538320937039,3.1076213625308693,-0.021344045011746724,0.4974221704901453,1.0887941940735901
1505,-5.630708308785775,3.343720293770636,-0.45303304485628526,1.0225939597586957,0.9029811735120484
1506,-5.796283523009857,3.2433375744105297,-0.09352131136134195,1.5498930231548997,1.0507975645455254
1507,-5.827362133587438,3.3110289319401516,-0.15779881893014475,0.4023939820339818,0.9752917627665835
1508,-5.802969365190553,3.404507634497264,-0.031334209494844924,0.16948656165651674,0.9899301222220838
1509,-5.770467391496809,3.2311490678462014,-1.3099219983937385,0.43168882599987135,0.8716543201532116
1510,-5.873325010715287,3.274522967375521,0.5054984347277228,0.8164817389637564,0.9360430977165007
1511,-5.819640153089349,3.3640681420516425,-0.5227435418613663,1.191098808490601,0.6141435817170856
1512,-5.87804025405973,3.5992197434106283,0.04270074703652265,0.8912266764552194,0.3972130620975533
1513,-5.823233549960252,3.611486865017543,-0.005476248273565081,0.7356781732916666,0.15090677592967836
1514,-5.9238717797807245,3.7820698307537866,0.2466560537388763,0.6041605536283028,0.33338477503856767
1515,-5.985325536489114,3.70109904357414,-0.022274637100051498,0.6388864876583477,0.23336838926923936
1516,-6.028867216732586,3.2694754230898004,-0.4843803803540706,0.7656890665278853,0.6587102777089404
1517,-5.97477448455427,3.2022585830539176,-1.0033321432169156,0.9238474899350744,0.3657092815950821
1518,-5.9889809515825965,3.2539540937263784,0.0456017183050351,1.1144734942102803,0.4467545482845434
1519,-6.154776848361418,2.758023648783436,-1.3635117927129277,0.525978694654879,0.7064350438818691
1520,-5.978571847302484,2.4833198523703146,-0.7717940668325081,1.1461844343705767,1.326824391068079
1521,-6.116995821921677,2.671465818279623,-0.22858290985219942,-0.15799415263760255,1.382268842096765
1522,-6.022040732752807,2.750771255910352,0.6268621270432141,0.7475384660199329,1.1496891238380476
1523,-6.08108650980741,2.7188919928500113,0.14847041290704438,-0.09777062572213444,1.0636849217180027
1524,-6.116896648106658,2.52986098758108,0.7329989994487761,0.9645617537844198,1.1903084019216552
1525,-6.2233532701008665,2.7404237835614276,-0.38781143919029043,-0.10267608731724745,1.1678037271982937
1526,-6.207798437806496,2.586188812321691,0.16483346843722338,0.5334523711198728,0.5760312848200314
1527,-6.181506930237141,2.427026848127043,0.06366735128488256,0.9903419204125365,0.8722042061114389
1528,-6.10393807361657,2.53337200176634,-0.8382392218596957,0.6818160652051621,0.5886713105481979
1529,-6.248153210412591,2.6160729491772545,-0.07865360308670186,0.6312331347621362,0.7928574690977017
1530,-6.346788892963646,2.3071619218652244,-0.3014165075758947,1.6736161255644464,0.9695767920785299
1531,-6.314633712938779,2.5943472835576595,0.4987303093990119,1.2993579217472748,0.8263637362291034
1532,-6.306257445396422,2.7090432199391303,-0.04886617158308014,0.4778778748661344,0.9482071319578583
1533,-6.373882547989581,2.5436776266028978,0.1079611250674145,0.9732382557571527,0.9759859442903835
1534,-6.30848937981187,2.4489045195749832,0.05227049225641819,1.6111263980901465,0.5581817100600688
1535,-6.37613125040176,2.3884313294340513,-0.0780987201574615,1.1864540300570308,0.5402442193033553
1536,-6.393881670050025,2.412004985936523,-0.36697046975836745,0.7673046165420737,0.5044683029081071
1537,-6.25708036133937,2.285590271884863,-0.015219042840719725,0.6886814556124412,1.045446419207478
1538,-6.444226995379712,2.277532867728937,0.1626975251768994,0.8115947929144347,0.6888218994328744
1539,-6.462226820937589,2.1675405229982845,-0.36345144123611084,0.9884495064760666,0.9808686954737444
1540,-6.3538235939657675,2.3352361085728037,-0.14555801219629672,0.5459549578914699,0.4961210826349518
1541,-6.628441192256264,2.3089372480701393,-0.510263768792341,1.4101441563003787,0.44693811695887464
1542,-6.593280114954036,2.4078875884379376,-0.09037871626144103,0.5668728487335554,0.7214111542378693
1543,-6.568792472653371,2.2113275627436724,-0.14897286365016973,1.0740206730668385,0.5007014469267806
1544,-6.626460551873765,2.2529454633253887,-0.00354097086358641,0.6246798471046925,0.42300816913939493
1545,-6.714280033630277,2.360938266967555,-0.07001012443193157,0.2789489435804258,0.9242521149249868
1546,-6.742992731170728,2.4052257750482164,-0.600768576758454,0.1346462971128182,0.5444335041503703
1547,-6.63524906803201,2.3727124993377533,0.4265441390156787,1.1108955382536378,0.3587492403652452
1548,-6.658843530348933,2.1763707231032754,-0.5440883411211787,1.6528536331133838,0.56606823298728
1549,-6.705763196828461,2.3547821678335183,0.34041875970480245,0.977617451654076,0.5893159765273767
1550,-6.609154018390985,2.435022742653686,0.22594958698557444,0.9432473254330535,0.4058729886313046
1551,-6.690346331984716,2.219322826602918,-0.3243741677350882,1.4283386155913158,0.30653015550175267
1552,-6.8169581905767975,2.084113955231404,0.07904204763302339,1.4022737078294876,0.628310868131327
1553,-7.060746319977356,1.8645976226126415,-0.6006532857163587,1.1985123860951201,1.1560714953908209
1554,-6.966434600735014,1.803612120633799,0.5336265249412083,0.4433982757187266,1.272924332864495
1555,-7.058044585973161,1.654196720478571,0.011605098779410886,0.06958068214752426,1.6862749114041837
1556,-7.027846466085111,1.6175769218474476,-0.7776655635957438,0.05905219175635526,1.486017221933467
1557,-6.990264632805332,1.6609743220229811,-0.357899513113304,-0.4221169452296228,1.9047542792653687
1558,-6.9729486398006575,1.748741279048621,-0.20337183021177632,-0.33557919434682804,1.1787922917745273
1559,-7.1020299843772,1.7433962986691,0.28493198901857925,0.4841117671424739,1.4565357986612868
1560,-6.9820670970909235,2.2693174225627186,-0.5299898328834044,0.4144075732578543,0.13686497893343616
1561,-7.179155737296288,2.3635233533596027,-0.7236945529321308,0.5487979240855946,0.5717208653446549
1562,-7.10524466279627,2.365283234732761,-0.12206635539486299,1.2358011831662559,0.1457156012572824
1563,-7.207646594057613,2.3645168478954184,-0.27909469537400333,1.1214773693870326,0.3918331796596484
1564,-7.1921568606380575,2.2992653418674847,0.3411058201723789,0.9751846969796141,0.7341533762241695
1565,-7.296887042759823,2.1623623109579904,-0.14139350558451694,1.1362908749815064,0.7447500708707023
1566,-7.281034263269482,2.2139318625016893,-0.7770536554617705,0.5788261129337295,0.41154172766096075
1567,-7.147250902751463,2.2940886160483402,0.0070509699058496755,0.6203700633122431,0.2559827699139843
1568,-7.218950521980989,2.320310842674039,-0.0836836887354655,0.07981829426342142,0.49390395413793237
1569,-7.328099281771349,2.072017612152033,-0.25267638128590547,0.7545631065611927,0.470083285681772
1570,-7.362231195864473,2.1065684754941008,-0.4168844966717453,0.22236202145756753,0.47874213149958905
