turbine,observation,t2,q,t2_alarm,q_alarm,t2_or_q_alarm,t2_alarm_3sd,q_alarm_3sd,t2_or_q_alarm_3sd
No.14WT,1,24807647.341281723,44864876.6276998,True,True,True,True,True,True
No.14WT,2,25547094.247785985,45412230.314742304,True,True,True,True,True,True
No.14WT,3,25613138.058677144,45467103.54662139,True,True,True,True,True,True
No.14WT,4,25615891.449087918,45462291.76172835,True,True,True,True,True,True
No.14WT,5,25618643.486388702,45459187.52950582,True,True,True,True,True,True
No.14WT,6,25613364.121453103,45466444.58666733,True,True,True,True,True,True
No.14WT,7,25614464.27730408,45465840.66146309,True,True,True,True,True,True
No.14WT,8,25615996.079477865,45463747.34815777,True,True,True,True,True,True
No.14WT,9,25613739.06595903,45465823.11264011,True,True,True,True,True,True
No.14WT,10,25613885.918043375,45465073.28321779,True,True,True,True,True,True
No.14WT,11,25613614.71883431,45466177.74942303,True,True,True,True,True,True
No.14WT,12,25613674.29652223,45465579.286916435,True,True,True,True,True,True
No.14WT,13,25617310.315818578,45460035.60944268,True,True,True,True,True,True
No.14WT,14,25615211.375663742,45461854.79068279,True,True,True,True,True,True
No.14WT,15,25617121.28246177,45459067.14856823,True,True,True,True,True,True
No.14WT,16,25618969.567938864,45457345.22603627,True,True,True,True,True,True
No.14WT,17,25615394.301205173,45462707.179503664,True,True,True,True,True,True
No.14WT,18,25616445.605108403,45460524.99968642,True,True,True,True,True,True
No.14WT,19,25617486.446327664,45457443.446889326,True,True,True,True,True,True
No.14WT,20,25616886.029382035,45459145.84809649,True,True,True,True,True,True
No.14WT,21,25617915.0893023,45457767.14335883,True,True,True,True,True,True
No.14WT,22,25616737.506000515,45458996.600964986,True,True,True,True,True,True
No.14WT,23,25614195.6150876,45462371.80236649,True,True,True,True,True,True
No.14WT,24,25611158.7307619,45464983.98959703,True,True,True,True,True,True
No.14WT,25,25614269.154022034,45461471.28716538,True,True,True,True,True,True
No.14WT,26,25614656.578129098,45461221.82035018,True,True,True,True,True,True
No.14WT,27,25617623.67991179,45455392.010728806,True,True,True,True,True,True
No.14WT,28,25619895.554946363,45452236.983782165,True,True,True,True,True,True
No.14WT,29,25618719.126022637,45453290.391121335,True,True,True,True,True,True
No.14WT,30,25613917.0980739,45460232.78312015,True,True,True,True,True,True
No.14WT,31,25616017.23236648,45457358.38015137,True,True,True,True,True,True
No.14WT,32,25618723.04491386,45453056.17970373,True,True,True,True,True,True
No.14WT,33,25613577.687619597,45460610.35387614,True,True,True,True,True,True
No.14WT,34,25618968.86291797,45452463.46117352,True,True,True,True,True,True
No.14WT,35,25617753.921386227,45454855.39386178,True,True,True,True,True,True
No.14WT,36,25615611.52238358,45455834.77163584,True,True,True,True,True,True
No.14WT,37,25620132.525214337,45449620.330294535,True,True,True,True,True,True
No.14WT,38,25618943.0177432,45451826.8442423,True,True,True,True,True,True
No.14WT,39,25615979.95733261,45455851.52163177,True,True,True,True,True,True
No.14WT,40,25616030.700237438,45455629.797244094,True,True,True,True,True,True
No.14WT,41,25621861.32377278,45446853.24778311,True,True,True,True,True,True
No.14WT,42,25618815.93875882,45451785.55226747,True,True,True,True,True,True
No.14WT,43,25622141.8197162,45447146.03462309,True,True,True,True,True,True
No.14WT,44,25620136.511641134,45448286.41843644,True,True,True,True,True,True
No.14WT,45,25620833.327305343,45447833.70340147,True,True,True,True,True,True
No.14WT,46,25621566.71599531,45446105.82417195,True,True,True,True,True,True
No.14WT,47,25619829.902195297,45446474.730951875,True,True,True,True,True,True
No.14WT,48,25617520.635833,45450152.75490664,True,True,True,True,True,True
No.14WT,49,25620817.93271227,45446638.7465425,True,True,True,True,True,True
No.14WT,50,25618731.91725821,45447886.47108061,True,True,True,True,True,True
No.14WT,51,25618796.57257839,45448279.681620926,True,True,True,True,True,True
No.14WT,52,25618853.160950914,45447595.712869816,True,True,True,True,True,True
No.14WT,53,25621726.83913022,45444705.54361944,True,True,True,True,True,True
No.14WT,54,25615754.52831136,45452466.28654985,True,True,True,True,True,True
No.14WT,55,25616794.87263398,45448170.83787529,True,True,True,True,True,True
No.14WT,56,25621060.58867515,45444075.82145112,True,True,True,True,True,True
No.14WT,57,25615828.537675016,45451500.889689796,True,True,True,True,True,True
No.14WT,58,25615512.148059048,45451152.70044748,True,True,True,True,True,True
No.14WT,59,25617517.583701704,45448800.6081988,True,True,True,True,True,True
No.14WT,60,25621283.502932824,45443376.037585944,True,True,True,True,True,True
No.14WT,61,25620025.21985056,45445641.2715784,True,True,True,True,True,True
No.14WT,62,25618085.13614238,45447430.92254421,True,True,True,True,True,True
No.14WT,63,25618540.385681618,45447356.013432026,True,True,True,True,True,True
No.14WT,64,25616038.782363452,45449188.80896568,True,True,True,True,True,True
No.14WT,65,25615064.333040997,45451445.4987306,True,True,True,True,True,True
No.14WT,66,25620673.171670254,45443148.705799244,True,True,True,True,True,True
No.14WT,67,25619546.132317703,45446029.74748022,True,True,True,True,True,True
No.14WT,68,25620614.356017552,45442763.62975646,True,True,True,True,True,True
No.14WT,69,25622572.766991954,45441454.22491904,True,True,True,True,True,True
No.14WT,70,25622292.453732572,45442453.22670473,True,True,True,True,True,True
No.14WT,71,25621478.40558014,45441923.7841332,True,True,True,True,True,True
No.14WT,72,25622973.729693115,45443069.943789735,True,True,True,True,True,True
No.14WT,73,25623730.03928559,45441143.04805628,True,True,True,True,True,True
No.14WT,74,25620654.927532833,45444406.285154834,True,True,True,True,True,True
No.14WT,75,25620467.810733598,45443753.09576865,True,True,True,True,True,True
No.14WT,76,25618249.83366809,45444757.84019633,True,True,True,True,True,True
No.14WT,77,25622066.397219017,45440639.96353696,True,True,True,True,True,True
No.14WT,78,25620784.852550104,45443549.82088528,True,True,True,True,True,True
No.14WT,79,25618527.69751044,45445513.608097814,True,True,True,True,True,True
No.14WT,80,25619773.646211833,45444662.19418902,True,True,True,True,True,True
No.14WT,81,25619736.21934352,45444202.82240375,True,True,True,True,True,True
No.14WT,82,25615879.181837488,45447605.19480877,True,True,True,True,True,True
No.14WT,83,25619476.500852488,45442450.48159175,True,True,True,True,True,True
No.14WT,84,25617236.723397616,45445501.56294043,True,True,True,True,True,True
No.14WT,85,25612634.352497153,45452238.852244586,True,True,True,True,True,True
No.14WT,86,25617527.39581155,45446999.27523937,True,True,True,True,True,True
No.14WT,87,25609887.273168612,45456156.01627816,True,True,True,True,True,True
No.14WT,88,25616125.84935183,45446996.07033726,True,True,True,True,True,True
No.14WT,89,25617239.28221253,45446173.397702165,True,True,True,True,True,True
No.14WT,90,25619736.523044936,45442463.02779269,True,True,True,True,True,True
No.14WT,91,25617845.865451157,45444258.78577727,True,True,True,True,True,True
No.14WT,92,25614661.404107418,45447805.68664162,True,True,True,True,True,True
No.14WT,93,25619813.706081968,45441980.52709344,True,True,True,True,True,True
No.14WT,94,25617000.850574676,45446526.645798475,True,True,True,True,True,True
No.14WT,95,25612731.767492827,45451771.54282667,True,True,True,True,True,True
No.14WT,96,25618406.313595213,45443122.70099919,True,True,True,True,True,True
No.14WT,97,25614859.787362337,45448009.431772456,True,True,True,True,True,True
No.14WT,98,25613035.855896883,45450084.65890103,True,True,True,True,True,True
No.14WT,99,25613727.795768257,45449049.89378958,True,True,True,True,True,True
No.14WT,100,25610339.617558315,45454869.85700765,True,True,True,True,True,True
No.14WT,101,25616173.309993498,45446736.20455656,True,True,True,True,True,True
No.14WT,102,25619972.96829793,45441997.66959283,True,True,True,True,True,True
No.14WT,103,25616997.828624878,45444006.14724445,True,True,True,True,True,True
No.14WT,104,25611459.533750445,45450918.686971866,True,True,True,True,True,True
No.14WT,105,25618896.394096106,45443085.340284236,True,True,True,True,True,True
No.14WT,106,25616474.09599128,45445396.42020293,True,True,True,True,True,True
No.14WT,107,25614497.579788506,45448752.04419199,True,True,True,True,True,True
No.14WT,108,25619358.40852957,45441654.63768197,True,True,True,True,True,True
No.14WT,109,25613571.492999457,45448235.36509094,True,True,True,True,True,True
No.14WT,110,25611920.56801584,45448704.74887405,True,True,True,True,True,True
No.14WT,111,25614174.019114234,45445721.760592416,True,True,True,True,True,True
No.14WT,112,25612352.1827692,45449135.60509975,True,True,True,True,True,True
No.14WT,113,25615161.555418793,45445674.0408833,True,True,True,True,True,True
No.14WT,114,25610907.957856,45452654.447626404,True,True,True,True,True,True
No.14WT,115,25613028.5925069,45449063.062872626,True,True,True,True,True,True
No.14WT,116,25611209.955448452,45450854.29923475,True,True,True,True,True,True
No.14WT,117,25611608.541006014,45449936.872726545,True,True,True,True,True,True
No.14WT,118,25609454.06184728,45453265.86901634,True,True,True,True,True,True
No.14WT,119,25615682.650528103,45443728.321786195,True,True,True,True,True,True
No.14WT,120,25617308.494129665,45442049.405754976,True,True,True,True,True,True
No.14WT,121,25618295.261654235,45442086.644498974,True,True,True,True,True,True
No.14WT,122,25611009.72980847,45449623.41247975,True,True,True,True,True,True
No.14WT,123,25613237.178432845,45447670.06748479,True,True,True,True,True,True
No.14WT,124,25618303.52688033,45440606.702193424,True,True,True,True,True,True
No.14WT,125,25618065.468953308,45441239.723979235,True,True,True,True,True,True
No.14WT,126,25620241.269373175,45437970.98212485,True,True,True,True,True,True
No.14WT,127,25615158.212485775,45442883.75012126,True,True,True,True,True,True
No.14WT,128,25617845.20595032,45442467.56576084,True,True,True,True,True,True
No.14WT,129,25615448.65604302,45444404.62465572,True,True,True,True,True,True
No.14WT,130,25613423.6489894,45446996.516933136,True,True,True,True,True,True
No.14WT,131,25611056.447109357,45450124.84869211,True,True,True,True,True,True
No.14WT,132,25623385.59807977,45431891.83554278,True,True,True,True,True,True
No.14WT,133,25616623.154340535,45441979.533205174,True,True,True,True,True,True
No.14WT,134,25616463.568731405,45442555.64749611,True,True,True,True,True,True
No.14WT,135,25612973.563468605,45446419.5318665,True,True,True,True,True,True
No.14WT,136,25617282.47244973,45439553.71103635,True,True,True,True,True,True
No.14WT,137,25609865.17158108,45450084.40983678,True,True,True,True,True,True
No.14WT,138,25620705.15612407,45436901.61975705,True,True,True,True,True,True
No.14WT,139,25618845.92924051,45438025.04533111,True,True,True,True,True,True
No.14WT,140,25613495.02414269,45446450.83659767,True,True,True,True,True,True
No.14WT,141,25613152.41307205,45445639.98596657,True,True,True,True,True,True
No.14WT,142,25616169.85764066,45441466.122163825,True,True,True,True,True,True
No.14WT,143,25610948.92397814,45449403.55949929,True,True,True,True,True,True
No.14WT,144,25614958.319403097,45441534.40134096,True,True,True,True,True,True
No.14WT,145,25618060.606523357,45439590.365559466,True,True,True,True,True,True
No.14WT,146,25613959.923828185,45445409.11727073,True,True,True,True,True,True
No.14WT,147,25613790.285462875,45444888.281475835,True,True,True,True,True,True
No.14WT,148,25616441.53810297,45442316.99842866,True,True,True,True,True,True
No.14WT,149,25612249.80507877,45446065.87834607,True,True,True,True,True,True
No.14WT,150,25613521.33249934,45442805.08643589,True,True,True,True,True,True
No.14WT,151,25620928.62327912,45433732.14481341,True,True,True,True,True,True
No.14WT,152,25605535.35765918,45452393.036508985,True,True,True,True,True,True
No.14WT,153,25612082.20538333,45444658.43035881,True,True,True,True,True,True
No.14WT,154,25614231.2601899,45443356.1606991,True,True,True,True,True,True
No.14WT,155,25611716.988546968,45444813.88170638,True,True,True,True,True,True
No.14WT,156,25615454.947642446,45440011.23643716,True,True,True,True,True,True
No.14WT,157,25614008.331480738,45442228.33833989,True,True,True,True,True,True
No.14WT,158,25610680.556075297,45446853.77193699,True,True,True,True,True,True
No.14WT,159,25614886.536879666,45441131.17212237,True,True,True,True,True,True
No.14WT,160,25613378.921417803,45443363.98455994,True,True,True,True,True,True
No.14WT,161,25611513.18211841,45445622.90670037,True,True,True,True,True,True
No.14WT,162,25610660.273071572,45446874.01057031,True,True,True,True,True,True
No.14WT,163,25609422.328602258,45447174.72700079,True,True,True,True,True,True
No.14WT,164,25613561.15946088,45441527.57599136,True,True,True,True,True,True
No.14WT,165,25615567.43757158,45439586.41348286,True,True,True,True,True,True
No.14WT,166,25613401.193086214,45442553.2701697,True,True,True,True,True,True
No.14WT,167,25610213.824069135,45447292.92371695,True,True,True,True,True,True
No.14WT,168,25605985.78722502,45450186.64491422,True,True,True,True,True,True
No.14WT,169,25606625.99510362,45449142.773395404,True,True,True,True,True,True
No.14WT,170,25610091.1479805,45447114.40103763,True,True,True,True,True,True
No.14WT,171,25609224.03136539,45447642.99197982,True,True,True,True,True,True
No.14WT,172,25610798.11959002,45444161.70684091,True,True,True,True,True,True
No.14WT,173,25612446.144639965,45442863.81311814,True,True,True,True,True,True
No.14WT,174,25609268.13793747,45447020.41891438,True,True,True,True,True,True
No.14WT,175,25610273.551729508,45444563.262833655,True,True,True,True,True,True
No.14WT,176,25608399.641083844,45447572.295467906,True,True,True,True,True,True
No.14WT,177,25614907.92085383,45438785.033620104,True,True,True,True,True,True
No.14WT,178,25611064.412477553,45443608.70773445,True,True,True,True,True,True
No.14WT,179,25610422.21665652,45444201.41946563,True,True,True,True,True,True
No.14WT,180,25615510.09505436,45436346.44557429,True,True,True,True,True,True
No.14WT,181,25612482.10676033,45441571.78410602,True,True,True,True,True,True
No.14WT,182,25610738.50924559,45442527.81503455,True,True,True,True,True,True
No.14WT,183,25610378.803504433,45445295.39639143,True,True,True,True,True,True
No.14WT,184,25612798.957771894,45440897.37370535,True,True,True,True,True,True
No.14WT,185,25611602.49689079,45441987.84433103,True,True,True,True,True,True
No.14WT,186,25612809.49190522,45439740.22715501,True,True,True,True,True,True
No.14WT,187,25606270.774709288,45448704.523800924,True,True,True,True,True,True
No.14WT,188,25613936.847876474,45437889.60020274,True,True,True,True,True,True
No.14WT,189,25611597.68939594,45440210.70609695,True,True,True,True,True,True
No.14WT,190,25617031.16635236,45433084.715959206,True,True,True,True,True,True
No.14WT,191,25615944.04210107,45435369.69545243,True,True,True,True,True,True
No.14WT,192,25614116.26053983,45439078.42287957,True,True,True,True,True,True
No.14WT,193,25608216.46142351,45444350.39634576,True,True,True,True,True,True
No.14WT,194,25609891.28174723,45441113.912086464,True,True,True,True,True,True
No.14WT,195,25611238.131814096,45442562.11948182,True,True,True,True,True,True
No.14WT,196,25612464.810103677,45440484.17025229,True,True,True,True,True,True
No.14WT,197,25612583.87182132,45439705.151436634,True,True,True,True,True,True
No.14WT,198,25616565.371298876,45435311.55557922,True,True,True,True,True,True
No.14WT,199,25613092.376166888,45440003.985747956,True,True,True,True,True,True
No.14WT,200,25611712.957666613,45441451.394044876,True,True,True,True,True,True
No.14WT,201,25611032.338643547,45442853.76154331,True,True,True,True,True,True
No.14WT,202,25610304.528640676,45442596.140365794,True,True,True,True,True,True
No.14WT,203,25609980.70872667,45440251.66897436,True,True,True,True,True,True
No.14WT,204,25614535.183512613,45435549.11934666,True,True,True,True,True,True
No.14WT,205,25612824.710954215,45437227.59570524,True,True,True,True,True,True
No.14WT,206,25609046.104643885,45443062.14042683,True,True,True,True,True,True
No.14WT,207,25612149.568684515,45440336.338114984,True,True,True,True,True,True
No.14WT,208,25615902.43115007,45434769.10958238,True,True,True,True,True,True
No.14WT,209,25613721.012188107,45437794.45948788,True,True,True,True,True,True
No.14WT,210,25609070.510457497,45441841.8217083,True,True,True,True,True,True
No.14WT,211,25607028.008381218,45446805.163482614,True,True,True,True,True,True
No.14WT,212,25611228.109414123,45440565.19624745,True,True,True,True,True,True
No.14WT,213,25611014.2320715,45441393.96936501,True,True,True,True,True,True
No.14WT,214,25612149.821955755,45438871.155288845,True,True,True,True,True,True
No.14WT,215,25609882.284453243,45442408.148268424,True,True,True,True,True,True
No.14WT,216,25609720.51392196,45442438.25491292,True,True,True,True,True,True
No.14WT,217,25615972.365728427,45433801.31666297,True,True,True,True,True,True
No.14WT,218,25610105.549077578,45441782.08235071,True,True,True,True,True,True
No.14WT,219,25610726.495281048,45440915.289712034,True,True,True,True,True,True
No.14WT,220,25609871.22179763,45441858.124007106,True,True,True,True,True,True
No.14WT,221,25607184.367345124,45445275.97970224,True,True,True,True,True,True
No.14WT,222,25610575.113954484,45441610.53599306,True,True,True,True,True,True
No.14WT,223,25609759.061464295,45441670.94051531,True,True,True,True,True,True
No.14WT,224,25611969.41911627,45439034.20643153,True,True,True,True,True,True
No.14WT,225,25606393.69405918,45445868.53642227,True,True,True,True,True,True
No.14WT,226,25606150.657217823,45446020.72355759,True,True,True,True,True,True
No.14WT,227,25606751.81608394,45444785.96891944,True,True,True,True,True,True
No.14WT,228,25606844.67163258,45445046.82514551,True,True,True,True,True,True
No.14WT,229,25612654.640920274,45437593.7751524,True,True,True,True,True,True
No.14WT,230,25611543.238686398,45439661.66922736,True,True,True,True,True,True
No.14WT,231,25612463.94253261,45435993.66911607,True,True,True,True,True,True
No.14WT,232,25611756.335046686,45437409.24783533,True,True,True,True,True,True
No.14WT,233,25609031.233860213,45441229.29935063,True,True,True,True,True,True
No.14WT,234,25611825.276989773,45437257.783070266,True,True,True,True,True,True
No.14WT,235,25611619.579236824,45437044.09849686,True,True,True,True,True,True
No.14WT,236,25610553.002497613,45438552.052229695,True,True,True,True,True,True
No.14WT,237,25608114.440084223,45440509.59644959,True,True,True,True,True,True
No.14WT,238,25609964.348872334,45439330.640571065,True,True,True,True,True,True
No.14WT,239,25613776.959790032,45434270.57570151,True,True,True,True,True,True
No.14WT,240,25613091.20198609,45435509.19481107,True,True,True,True,True,True
No.14WT,241,25612727.77841255,45435517.42286951,True,True,True,True,True,True
No.14WT,242,25608530.218831345,45439498.3837945,True,True,True,True,True,True
No.14WT,243,25606673.286332503,45443902.54238945,True,True,True,True,True,True
No.14WT,244,25608115.17729807,45440698.33595892,True,True,True,True,True,True
No.14WT,245,25609044.71725153,45439785.49233212,True,True,True,True,True,True
No.14WT,246,25605101.65924812,45446186.20975285,True,True,True,True,True,True
No.14WT,247,25604044.35650491,45444410.165957525,True,True,True,True,True,True
No.14WT,248,25608287.502352357,45439043.74642448,True,True,True,True,True,True
No.14WT,249,25601890.39003279,45448697.32849511,True,True,True,True,True,True
No.14WT,250,25610273.207581487,45436468.002986506,True,True,True,True,True,True
No.14WT,251,25604536.38582255,45444179.12669314,True,True,True,True,True,True
No.14WT,252,25600326.53154588,45451299.332098804,True,True,True,True,True,True
No.14WT,253,25607268.800373487,45439776.59224927,True,True,True,True,True,True
No.14WT,254,25603820.88518809,45446225.66828462,True,True,True,True,True,True
No.14WT,255,25605147.9077058,45444630.05879359,True,True,True,True,True,True
No.14WT,256,25607632.31061859,45441137.466677815,True,True,True,True,True,True
No.14WT,257,25610367.204148024,45437666.86754293,True,True,True,True,True,True
No.14WT,258,25604315.497356504,45445464.631091505,True,True,True,True,True,True
No.14WT,259,25602463.718728013,45447430.1567232,True,True,True,True,True,True
No.14WT,260,25605385.759253796,45443502.56028726,True,True,True,True,True,True
No.14WT,261,25603178.47302497,45445815.48464596,True,True,True,True,True,True
No.14WT,262,25607443.678722326,45440703.43133024,True,True,True,True,True,True
No.14WT,263,25608463.864668585,45438030.414170004,True,True,True,True,True,True
No.14WT,264,25605986.669210307,45441449.473813556,True,True,True,True,True,True
No.14WT,265,25605926.18635684,45442377.329111725,True,True,True,True,True,True
No.14WT,266,25602886.026879665,45446138.95560555,True,True,True,True,True,True
No.14WT,267,25601900.278013945,45446788.17995941,True,True,True,True,True,True
No.14WT,268,25608287.392123148,45438366.32848244,True,True,True,True,True,True
No.14WT,269,25603940.712733928,45443588.841555856,True,True,True,True,True,True
No.14WT,270,25603153.27447766,45445376.593706645,True,True,True,True,True,True
No.14WT,271,25606711.249691457,45440072.43483464,True,True,True,True,True,True
No.14WT,272,25599081.475462392,45449690.76010816,True,True,True,True,True,True
No.14WT,273,25605218.921032473,45441682.01240715,True,True,True,True,True,True
No.14WT,274,25604762.017271534,45442266.78965932,True,True,True,True,True,True
No.14WT,275,25600190.78951461,45448029.84764291,True,True,True,True,True,True
No.14WT,276,25604636.78619515,45441585.04922099,True,True,True,True,True,True
No.14WT,277,25604816.501358878,45442855.87909899,True,True,True,True,True,True
No.14WT,278,25599027.691971757,45449198.02035696,True,True,True,True,True,True
No.14WT,279,25605159.0685958,45442552.88007889,True,True,True,True,True,True
No.14WT,280,25603060.92787921,45445383.31984335,True,True,True,True,True,True
No.14WT,281,25603354.971328188,45444507.8930394,True,True,True,True,True,True
No.14WT,282,25602970.280499235,45443580.49122599,True,True,True,True,True,True
No.14WT,283,25600059.90531612,45449594.03798725,True,True,True,True,True,True
No.14WT,284,25598234.247714482,45451835.41901775,True,True,True,True,True,True
No.14WT,285,25605666.12710204,45443555.26867807,True,True,True,True,True,True
No.14WT,286,25604885.74794272,45444164.78674546,True,True,True,True,True,True
No.14WT,287,25603001.004177015,45444535.798250295,True,True,True,True,True,True
No.14WT,288,5928343.1667802185,31104389.34666533,True,True,True,True,True,True
No.14WT,289,20199121.76202102,41507617.48124681,True,True,True,True,True,True
No.14WT,290,24921740.0662397,45006377.452064425,True,True,True,True,True,True
No.14WT,291,25560445.361061648,45492137.86847716,True,True,True,True,True,True
No.14WT,292,25619091.2290622,45538764.65136989,True,True,True,True,True,True
No.14WT,293,25617508.91255242,45541821.084724,True,True,True,True,True,True
No.14WT,294,25619191.774143822,45538826.21636221,True,True,True,True,True,True
No.14WT,295,25621073.43803192,45534915.57340402,True,True,True,True,True,True
No.14WT,296,25618330.9907363,45540141.56892635,True,True,True,True,True,True
No.14WT,297,25621752.835787933,45534053.448669426,True,True,True,True,True,True
No.14WT,298,25618493.47410251,45537575.7730842,True,True,True,True,True,True
No.14WT,299,25618242.797890745,45539744.334002696,True,True,True,True,True,True
No.14WT,300,25623966.642920017,45530308.20479205,True,True,True,True,True,True
No.14WT,301,25624421.079500407,45531103.5521073,True,True,True,True,True,True
No.14WT,302,25624147.10710069,45528815.61116046,True,True,True,True,True,True
No.14WT,303,25627881.684787564,45524691.26160574,True,True,True,True,True,True
No.14WT,304,25618839.680424865,45536356.06060656,True,True,True,True,True,True
No.14WT,305,25626465.615932416,45525622.08687485,True,True,True,True,True,True
No.14WT,306,25622990.59255369,45528623.38924878,True,True,True,True,True,True
No.14WT,307,25624945.238549653,45529496.023536,True,True,True,True,True,True
No.14WT,308,25623025.151639484,45530444.12350348,True,True,True,True,True,True
No.14WT,309,25623800.788767196,45528281.55618533,True,True,True,True,True,True
No.14WT,310,25625135.720470555,45526714.13893957,True,True,True,True,True,True
No.14WT,311,25621264.69464609,45531201.65590507,True,True,True,True,True,True
No.14WT,312,25624162.553536296,45527211.33325982,True,True,True,True,True,True
No.14WT,313,25622860.697935782,45528841.587222226,True,True,True,True,True,True
No.14WT,314,25622905.997269277,45529368.591595486,True,True,True,True,True,True
No.14WT,315,25625784.712028425,45525182.903204754,True,True,True,True,True,True
No.14WT,316,25622634.10876391,45527114.303878196,True,True,True,True,True,True
No.14WT,317,25622684.556508135,45527332.00549948,True,True,True,True,True,True
No.14WT,318,25621654.036051225,45528577.7968384,True,True,True,True,True,True
No.14WT,319,25623871.895154264,45525308.5675929,True,True,True,True,True,True
No.14WT,320,25625976.226682134,45522974.489737324,True,True,True,True,True,True
No.14WT,321,25625832.817211345,45522271.947321504,True,True,True,True,True,True
No.14WT,322,25624454.24786616,45524210.479000285,True,True,True,True,True,True
No.14WT,323,25627075.524757475,45519579.8394543,True,True,True,True,True,True
No.14WT,324,25624172.30696796,45523081.28158657,True,True,True,True,True,True
No.14WT,325,25623346.78680808,45524440.03384942,True,True,True,True,True,True
No.14WT,326,25627870.88280976,45518430.117655456,True,True,True,True,True,True
No.14WT,327,25628582.386807784,45517989.279129885,True,True,True,True,True,True
No.14WT,328,25630125.561612368,45514480.08393082,True,True,True,True,True,True
No.14WT,329,25622129.47787663,45523669.24273185,True,True,True,True,True,True
No.14WT,330,25630117.3025839,45513557.71292521,True,True,True,True,True,True
No.14WT,331,25627948.358477183,45516195.25865138,True,True,True,True,True,True
No.14WT,332,25628505.21310527,45516048.38722173,True,True,True,True,True,True
No.14WT,333,25633008.92133121,45507911.2734187,True,True,True,True,True,True
No.14WT,334,25633115.346921753,45508460.90001055,True,True,True,True,True,True
No.14WT,335,25631834.267735995,45508453.36941455,True,True,True,True,True,True
No.14WT,336,25625984.084999003,45516114.43012825,True,True,True,True,True,True
No.14WT,337,25625964.23550109,45516522.560323745,True,True,True,True,True,True
No.14WT,338,25629803.611080714,45511084.33571974,True,True,True,True,True,True
No.14WT,339,25628529.083609875,45513387.14440406,True,True,True,True,True,True
No.14WT,340,25629612.993994698,45511463.67173658,True,True,True,True,True,True
No.14WT,341,25627515.32149968,45515550.89463382,True,True,True,True,True,True
No.14WT,342,25626446.4861653,45515886.12909862,True,True,True,True,True,True
No.14WT,343,25626491.85129583,45515754.84428929,True,True,True,True,True,True
No.14WT,344,25629355.501703225,45512254.24751553,True,True,True,True,True,True
No.14WT,345,25630466.753202632,45509877.8019994,True,True,True,True,True,True
No.14WT,346,25629566.267496377,45510412.731182575,True,True,True,True,True,True
No.14WT,347,25626947.358458314,45513329.241358615,True,True,True,True,True,True
No.14WT,348,25631516.80252219,45507539.398545876,True,True,True,True,True,True
No.14WT,349,25624533.27377274,45516033.161234386,True,True,True,True,True,True
No.14WT,350,25629483.275013857,45510030.40189662,True,True,True,True,True,True
No.14WT,351,25626934.82577374,45513952.42932176,True,True,True,True,True,True
No.14WT,352,25628071.315608516,45511532.26207944,True,True,True,True,True,True
No.14WT,353,25622690.19827587,45519345.178428255,True,True,True,True,True,True
No.14WT,354,25618985.97550773,45523546.61357971,True,True,True,True,True,True
No.14WT,355,25621834.53978194,45520138.47489881,True,True,True,True,True,True
No.14WT,356,25623704.850781713,45517381.86439331,True,True,True,True,True,True
No.14WT,357,25621283.139054656,45521801.012014784,True,True,True,True,True,True
No.14WT,358,3447761.5762929,8563765.634775992,True,True,True,True,True,True
No.14WT,359,13.448875263439449,6.140502723059873,False,False,False,False,False,False
No.14WT,360,7.002798165708046,10.472661481636349,False,False,False,False,False,False
No.14WT,361,10.749973017462418,9.300975711453379,False,False,False,False,False,False
No.14WT,362,9.924803836338961,8.332032724663403,False,False,False,False,False,False
No.14WT,363,12.055374233407743,7.030740058395939,False,False,False,False,False,False
No.14WT,364,9.376781289742759,9.238534461260576,False,False,False,False,False,False
No.14WT,365,17.478100056361114,9.038006155536438,True,False,True,False,False,False
No.14WT,366,15.160339389844273,6.758327863868919,False,False,False,False,False,False
No.14WT,367,13.56882517197139,6.681757773230783,False,False,False,False,False,False
No.14WT,368,9.24754117511135,7.436643930992368,False,False,False,False,False,False
No.14WT,369,11.28365386922732,7.916764870039729,False,False,False,False,False,False
No.14WT,370,11.132985312462376,7.068378134285142,False,False,False,False,False,False
No.14WT,371,10.585673812944748,7.397059554755421,False,False,False,False,False,False
No.14WT,372,14.767347818113567,10.418167581241548,False,False,False,False,False,False
No.14WT,373,13.05281158002538,6.973946111067003,False,False,False,False,False,False
No.14WT,374,9.66414026455062,7.094112309920129,False,False,False,False,False,False
No.14WT,375,11.552530557623605,6.699168124654817,False,False,False,False,False,False
No.14WT,376,11.372920195956736,7.065056530009129,False,False,False,False,False,False
No.14WT,377,13.632533400326142,6.564228714506774,False,False,False,False,False,False
No.14WT,378,7.551130302207269,10.232079594930308,False,False,False,False,False,False
No.14WT,379,17.075373381230484,9.294551959308015,True,False,True,False,False,False
No.14WT,380,15.800715461618484,8.161810068547387,False,False,False,False,False,False
No.14WT,381,9.951158404164929,5.778248232238289,False,False,False,False,False,False
No.14WT,382,10.099153744744562,6.749125369391839,False,False,False,False,False,False
No.14WT,383,8.026047122396202,7.526006712618209,False,False,False,False,False,False
No.14WT,384,15.515468340740142,6.7057470611983225,False,False,False,False,False,False
No.14WT,385,16.341849768061707,7.39084043674922,False,False,False,False,False,False
No.14WT,386,8.249976474041983,8.42882018210381,False,False,False,False,False,False
No.14WT,387,7.8537310629590875,9.578285422429206,False,False,False,False,False,False
No.14WT,388,12.364673181106024,5.544402706894915,False,False,False,False,False,False
No.14WT,389,6.772006251452307,7.772563727341697,False,False,False,False,False,False
No.14WT,390,11.778085333449347,5.537825215101147,False,False,False,False,False,False
No.14WT,391,10.610028688058724,5.036339614059711,False,False,False,False,False,False
No.14WT,392,12.402684756715878,10.085757396001622,False,False,False,False,False,False
No.14WT,393,10.151143536584406,7.307877429446941,False,False,False,False,False,False
No.14WT,394,8.34971512788488,6.13335981497914,False,False,False,False,False,False
No.14WT,395,7.67273368936056,11.052528504491864,False,False,False,False,False,False
No.14WT,396,11.889536040888512,5.504780002667999,False,False,False,False,False,False
No.14WT,397,11.48980852606468,7.605765263822591,False,False,False,False,False,False
No.14WT,398,13.169130943153402,5.336373596425671,False,False,False,False,False,False
No.14WT,399,12.73951331382833,5.369595558454535,False,False,False,False,False,False
No.14WT,400,10.881672263067697,6.418971515581888,False,False,False,False,False,False
No.14WT,401,10.548406055479804,7.107008441596373,False,False,False,False,False,False
No.14WT,402,8.75242900524794,6.096940471436951,False,False,False,False,False,False
No.14WT,403,10.285279103069035,6.3695523803963185,False,False,False,False,False,False
No.14WT,404,8.233041256628029,5.535751242096802,False,False,False,False,False,False
No.14WT,405,8.736214006134173,6.844753123136539,False,False,False,False,False,False
No.14WT,406,8.402049715599784,7.47212707113097,False,False,False,False,False,False
No.14WT,407,11.719803305082822,4.869865373530749,False,False,False,False,False,False
No.14WT,408,6.296430261315124,8.270290584993917,False,False,False,False,False,False
No.14WT,409,9.338764000872908,8.960616142038864,False,False,False,False,False,False
No.14WT,410,10.53447511656573,5.3397836678914,False,False,False,False,False,False
No.14WT,411,12.835382381220374,4.943145616747073,False,False,False,False,False,False
No.14WT,412,11.84422255316139,5.198698792913276,False,False,False,False,False,False
No.14WT,413,10.97174909096651,4.905227338711671,False,False,False,False,False,False
No.14WT,414,8.27824206735462,6.448746824433829,False,False,False,False,False,False
No.14WT,415,7.7329440150494015,6.386814892659581,False,False,False,False,False,False
No.14WT,416,12.345084350800361,4.375169999482826,False,False,False,False,False,False
No.14WT,417,5.015637018082862,11.42089029956806,False,False,False,False,False,False
No.14WT,418,8.099612104339407,6.655146769489436,False,False,False,False,False,False
No.14WT,419,9.644627744745028,7.832482208761371,False,False,False,False,False,False
No.14WT,420,7.451109748256353,7.290549837776922,False,False,False,False,False,False
No.14WT,421,11.107114623620529,5.351731985493499,False,False,False,False,False,False
No.14WT,422,8.019151511239968,8.939907024321428,False,False,False,False,False,False
No.14WT,423,7.190189354816717,10.523380453206755,False,False,False,False,False,False
No.14WT,424,8.505123288849852,8.758425788498437,False,False,False,False,False,False
No.14WT,425,8.68735270763027,8.970430837119322,False,False,False,False,False,False
No.14WT,426,5.094866527897154,9.651630306411008,False,False,False,False,False,False
No.14WT,427,6.853126613910092,7.237583248631363,False,False,False,False,False,False
No.14WT,428,8.009221224301205,11.124329127102035,False,False,False,False,False,False
No.14WT,429,7.801465502651022,6.363392909614049,False,False,False,False,False,False
No.14WT,430,9.293332630637536,6.804489449758201,False,False,False,False,False,False
No.14WT,431,8.64286050951445,5.479851967227155,False,False,False,False,False,False
No.14WT,432,8.468551489418239,12.360347757104533,False,True,True,False,False,False
No.14WT,433,11.45464461630182,9.588396638336796,False,False,False,False,False,False
No.14WT,434,9.817694087750402,7.8700822604841285,False,False,False,False,False,False
No.14WT,435,8.780395623226108,9.149345210831854,False,False,False,False,False,False
No.14WT,436,5.965272344327221,10.248619247106,False,False,False,False,False,False
No.14WT,437,8.793820105372733,12.38321315223022,False,True,True,False,False,False
No.14WT,438,3.4621014489122817,12.204571652295057,False,True,True,False,False,False
No.14WT,439,7.067949023013507,9.950398178635616,False,False,False,False,False,False
No.14WT,440,7.817476077706453,15.983197488200089,False,True,True,False,False,False
No.14WT,441,11.444686746119139,8.973425292966729,False,False,False,False,False,False
No.14WT,442,5.251563497422007,8.315691732093294,False,False,False,False,False,False
No.14WT,443,6.949766279041658,8.974280961313449,False,False,False,False,False,False
No.14WT,444,4.335668064223156,8.67772982213708,False,False,False,False,False,False
No.14WT,445,8.93552929689572,5.154123663483855,False,False,False,False,False,False
No.14WT,446,7.723828650044145,6.4433537653332325,False,False,False,False,False,False
No.14WT,447,7.263671625359802,12.278301957596256,False,True,True,False,False,False
No.14WT,448,4.713503292295101,8.84251721488022,False,False,False,False,False,False
No.14WT,449,6.01848733389099,10.986388954634824,False,False,False,False,False,False
No.14WT,450,8.038243111188804,10.289870998692319,False,False,False,False,False,False
No.14WT,451,3.9470903265592217,11.279791126577043,False,False,False,False,False,False
No.14WT,452,6.284615524081193,9.176152026626953,False,False,False,False,False,False
No.14WT,453,6.44449025719138,5.761737561731113,False,False,False,False,False,False
No.14WT,454,4.1726660711642385,12.029706025032464,False,False,False,False,False,False
No.14WT,455,5.550609800028686,6.647462853195804,False,False,False,False,False,False
No.14WT,456,4.122657480152958,8.051761346032418,False,False,False,False,False,False
No.14WT,457,7.51991618980081,4.313106937251688,False,False,False,False,False,False
No.14WT,458,4.770994841596869,10.888461470272446,False,False,False,False,False,False
No.14WT,459,7.376939506130525,6.112929751909404,False,False,False,False,False,False
No.14WT,460,7.964961524662293,5.865546534184674,False,False,False,False,False,False
No.14WT,461,5.403746170160501,6.647158560347109,False,False,False,False,False,False
No.14WT,462,9.206461087471784,7.799121403618907,False,False,False,False,False,False
No.14WT,463,5.182838822333604,11.12379674909091,False,False,False,False,False,False
No.14WT,464,11.580689042597873,12.67466587224373,False,True,True,False,False,False
No.14WT,465,8.672457022471079,11.106036838340845,False,False,False,False,False,False
No.14WT,466,8.84327652206891,10.324689737737721,False,False,False,False,False,False
No.14WT,467,8.727263139601927,10.779772675682288,False,False,False,False,False,False
No.14WT,468,8.545667129267962,10.388689403857514,False,False,False,False,False,False
No.14WT,469,11.720175009126704,12.435240660016202,False,True,True,False,False,False
No.14WT,470,9.816640635469321,11.85941098212048,False,False,False,False,False,False
No.14WT,471,11.581562804192345,9.375184886778198,False,False,False,False,False,False
No.14WT,472,8.240907329388563,12.944495771232857,False,True,True,False,False,False
No.14WT,473,10.51944092278642,11.045137396163499,False,False,False,False,False,False
No.14WT,474,8.948340333769657,16.37047142961981,False,True,True,False,False,False
No.14WT,475,7.559505771664838,16.779360438812432,False,True,True,False,False,False
No.14WT,476,9.218914027365976,14.636809487169328,False,True,True,False,False,False
No.14WT,477,5.803357860152295,11.051744544670273,False,False,False,False,False,False
No.14WT,478,7.558445783842977,13.270441970705718,False,True,True,False,False,False
No.14WT,479,9.252065843413737,8.479157734111466,False,False,False,False,False,False
No.14WT,480,7.3558680557626435,12.307717206476857,False,True,True,False,False,False
No.14WT,481,7.405094821117945,10.575736895686713,False,False,False,False,False,False
No.14WT,482,9.523063460865014,8.761763131946442,False,False,False,False,False,False
No.14WT,483,7.768940687806924,8.0609452851741,False,False,False,False,False,False
No.14WT,484,9.44751822527579,7.793479432999273,False,False,False,False,False,False
No.14WT,485,8.574700888894174,6.5049694740932935,False,False,False,False,False,False
No.14WT,486,12.197001986785953,6.767133606567147,False,False,False,False,False,False
No.14WT,487,7.790660397583825,6.914238579251103,False,False,False,False,False,False
No.14WT,488,6.317994517537425,9.279023874034698,False,False,False,False,False,False
No.14WT,489,7.974662517362147,7.336132452276702,False,False,False,False,False,False
No.14WT,490,9.059020222753652,10.709739329047727,False,False,False,False,False,False
No.14WT,491,7.108598811968673,8.61508763570907,False,False,False,False,False,False
No.14WT,492,7.48937336832508,9.938201852969513,False,False,False,False,False,False
No.14WT,493,6.4527816278791015,9.215577206665591,False,False,False,False,False,False
No.14WT,494,6.735710864801979,8.407385509241116,False,False,False,False,False,False
No.14WT,495,9.22436520642211,7.964456842241268,False,False,False,False,False,False
No.14WT,496,6.940806616809683,5.412622986898539,False,False,False,False,False,False
No.14WT,497,5.4194285387978995,7.306986793635202,False,False,False,False,False,False
No.14WT,498,8.829732055399864,5.389952253239893,False,False,False,False,False,False
No.14WT,499,6.199800076348048,7.944806418430989,False,False,False,False,False,False
No.14WT,500,11.265837339289186,11.870728003873039,False,False,False,False,False,False
No.14WT,501,7.74639764234618,7.986981095537013,False,False,False,False,False,False
No.14WT,502,6.262845487380021,12.591286443409896,False,True,True,False,False,False
No.14WT,503,7.467038301485454,10.202641935760205,False,False,False,False,False,False
No.14WT,504,5.954489586189307,6.065467131972932,False,False,False,False,False,False
No.14WT,505,7.91971742655036,6.998293147812922,False,False,False,False,False,False
No.14WT,506,5.571245523474421,6.685231695955626,False,False,False,False,False,False
No.14WT,507,8.062714827298075,6.131399091455133,False,False,False,False,False,False
No.14WT,508,6.803319797976209,7.518657189820831,False,False,False,False,False,False
No.14WT,509,8.821255154538562,6.919418276135675,False,False,False,False,False,False
No.14WT,510,7.483313554936991,10.01534862083942,False,False,False,False,False,False
No.14WT,511,6.931866237331394,8.716161572225309,False,False,False,False,False,False
No.14WT,512,7.07590609309768,9.208594188281296,False,False,False,False,False,False
No.14WT,513,8.259780421337284,9.30457076046275,False,False,False,False,False,False
No.14WT,514,6.402310239621132,7.530978972395293,False,False,False,False,False,False
No.14WT,515,8.887124938094926,10.632006465058659,False,False,False,False,False,False
No.14WT,516,7.4670179901713265,11.821581193764573,False,False,False,False,False,False
No.14WT,517,7.610199870341546,10.539680114014873,False,False,False,False,False,False
No.14WT,518,9.425350866121587,9.082449311560817,False,False,False,False,False,False
No.14WT,519,7.074770288059568,12.10153102543703,False,True,True,False,False,False
No.14WT,520,7.145823302977455,11.640934592896958,False,False,False,False,False,False
No.14WT,521,6.4655966722346525,11.224420603853936,False,False,False,False,False,False
No.14WT,522,8.811872063465504,9.295013564698142,False,False,False,False,False,False
No.14WT,523,6.983498846825696,10.32898123804686,False,False,False,False,False,False
No.14WT,524,7.535519772817768,8.303832724504447,False,False,False,False,False,False
No.14WT,525,9.255039668514188,8.591679899836587,False,False,False,False,False,False
No.14WT,526,8.456534796333965,8.38354738692828,False,False,False,False,False,False
No.14WT,527,9.045124846128896,11.594009519276534,False,False,False,False,False,False
No.14WT,528,7.069624168897664,9.254634155292587,False,False,False,False,False,False
No.14WT,529,8.910336947175551,8.552804104111685,False,False,False,False,False,False
No.14WT,530,6.924670594762872,7.437261090403514,False,False,False,False,False,False
No.14WT,531,7.131828459668162,11.232944991115948,False,False,False,False,False,False
No.14WT,532,5.186032017495203,10.994410164285082,False,False,False,False,False,False
No.14WT,533,12.042922862632793,10.422335131631204,False,False,False,False,False,False
No.14WT,534,11.72643134814027,8.91759178283887,False,False,False,False,False,False
No.14WT,535,6.092412224661296,8.488546672593067,False,False,False,False,False,False
No.14WT,536,6.705201151509904,7.486020689566777,False,False,False,False,False,False
No.14WT,537,9.258429006640212,6.708333940185892,False,False,False,False,False,False
No.14WT,538,6.578757981550024,6.93162928569804,False,False,False,False,False,False
No.14WT,539,9.055363329873291,6.439224043225574,False,False,False,False,False,False
No.14WT,540,8.657830003984289,8.85020375812865,False,False,False,False,False,False
No.14WT,541,8.715332750165432,5.897588229418425,False,False,False,False,False,False
No.14WT,542,6.50423426027243,6.791345178095418,False,False,False,False,False,False
No.14WT,543,7.522721631376495,6.2343319927046865,False,False,False,False,False,False
No.14WT,544,9.079946303432218,6.976484037592489,False,False,False,False,False,False
No.14WT,545,7.087770533674516,5.0048250449147496,False,False,False,False,False,False
No.14WT,546,10.269264999445426,6.076693896455434,False,False,False,False,False,False
No.14WT,547,9.987024195319046,7.530901056642103,False,False,False,False,False,False
No.14WT,548,7.8280213290344385,5.150752691105842,False,False,False,False,False,False
No.14WT,549,11.461209523602927,6.410501562616768,False,False,False,False,False,False
No.14WT,550,9.37196113693876,6.603267947495074,False,False,False,False,False,False
No.14WT,551,6.323110059634175,6.928912509409076,False,False,False,False,False,False
No.14WT,552,8.881036636086309,8.810751961973434,False,False,False,False,False,False
No.14WT,553,8.551188457138185,8.032179820886828,False,False,False,False,False,False
No.14WT,554,9.837269539667957,6.665041576651858,False,False,False,False,False,False
No.14WT,555,10.11423120904709,7.06004184468172,False,False,False,False,False,False
No.14WT,556,10.130630426542256,7.156328171366807,False,False,False,False,False,False
No.14WT,557,12.280388904539663,10.69928885256576,False,False,False,False,False,False
No.14WT,558,10.24277362600421,6.698276583803584,False,False,False,False,False,False
No.14WT,559,8.26122580922268,6.0943428523432335,False,False,False,False,False,False
No.14WT,560,10.546062215232705,7.090880455768742,False,False,False,False,False,False
No.14WT,561,7.874867373060972,6.200333107805993,False,False,False,False,False,False
No.14WT,562,6.950325072292228,7.121008253101779,False,False,False,False,False,False
No.14WT,563,7.001701836111989,8.861737523449637,False,False,False,False,False,False
No.14WT,564,10.56343794689106,9.072546976728608,False,False,False,False,False,False
No.14WT,565,11.469118140313018,8.224176116968447,False,False,False,False,False,False
No.14WT,566,9.156437475723425,9.589650010811075,False,False,False,False,False,False
No.14WT,567,7.9502085921437695,7.570479047625028,False,False,False,False,False,False
No.14WT,568,6.616058444648289,10.665752379062264,False,False,False,False,False,False
No.14WT,569,10.023912683813942,9.813204051848247,False,False,False,False,False,False
No.14WT,570,13.814176637208995,5.204246208843871,False,False,False,False,False,False
No.14WT,571,9.446942524927378,4.412866456978523,False,False,False,False,False,False
No.14WT,572,11.96736061985758,6.325442360446718,False,False,False,False,False,False
No.14WT,573,8.74209149757599,6.648338946079014,False,False,False,False,False,False
No.14WT,574,11.562688741360919,5.327267770120931,False,False,False,False,False,False
No.14WT,575,10.402040902962396,6.498506876575575,False,False,False,False,False,False
No.14WT,576,8.994018170015787,8.284991756668163,False,False,False,False,False,False
No.14WT,577,7.5449659180993125,7.030434790401527,False,False,False,False,False,False
No.14WT,578,5.256123477114421,11.320104396412738,False,False,False,False,False,False
No.14WT,579,5.498926748554331,10.899585414385824,False,False,False,False,False,False
No.14WT,580,7.860794659335266,8.937858568309567,False,False,False,False,False,False
No.14WT,581,7.0794805516672,5.1952905126842115,False,False,False,False,False,False
No.14WT,582,9.207834809672024,11.309860906046012,False,False,False,False,False,False
No.14WT,583,11.532776313190263,7.295405374120982,False,False,False,False,False,False
No.14WT,584,6.068406870941381,10.50675799608018,False,False,False,False,False,False
No.14WT,585,5.490049707210879,8.004680030398589,False,False,False,False,False,False
No.14WT,586,5.326477583187413,8.65516421408817,False,False,False,False,False,False
No.14WT,587,8.603701331830925,5.38379673967938,False,False,False,False,False,False
No.14WT,588,6.6179151062982005,8.611959328796068,False,False,False,False,False,False
No.14WT,589,10.237161378224412,11.13909773094481,False,False,False,False,False,False
No.14WT,590,7.293729966602306,4.967061733765142,False,False,False,False,False,False
No.14WT,591,7.100360579421007,4.816114489158072,False,False,False,False,False,False
No.14WT,592,6.651960955646112,6.041289592357542,False,False,False,False,False,False
No.14WT,593,6.322583794377997,7.767821148493481,False,False,False,False,False,False
No.14WT,594,6.617158389137545,5.639802323664384,False,False,False,False,False,False
No.14WT,595,4.684437283748332,10.378521182249377,False,False,False,False,False,False
No.14WT,596,6.74676651322445,9.373318822220929,False,False,False,False,False,False
No.14WT,597,5.398659812380886,9.423043569162783,False,False,False,False,False,False
No.14WT,598,4.630340069338841,10.838212596191976,False,False,False,False,False,False
No.14WT,599,5.196814072681158,11.710743031500375,False,False,False,False,False,False
No.14WT,600,5.125313635242236,9.113736923183275,False,False,False,False,False,False
No.14WT,601,5.04949309854784,10.531798966214023,False,False,False,False,False,False
No.14WT,602,4.157471062807688,9.968960879401347,False,False,False,False,False,False
No.14WT,603,4.746461339891601,7.131273451022907,False,False,False,False,False,False
No.14WT,604,5.004594798229195,7.201828181806266,False,False,False,False,False,False
No.14WT,605,3.6944258927810103,9.734474496850998,False,False,False,False,False,False
No.14WT,606,7.789906402845349,10.86511177248381,False,False,False,False,False,False
No.14WT,607,6.170162676448131,7.800784243136639,False,False,False,False,False,False
No.14WT,608,5.216139326943411,7.583041215122708,False,False,False,False,False,False
No.14WT,609,5.792671787114007,5.8505174398298765,False,False,False,False,False,False
No.14WT,610,5.590449119131202,6.925520741547328,False,False,False,False,False,False
No.14WT,611,5.7736391157225375,5.782979733760897,False,False,False,False,False,False
No.14WT,612,5.878204139200885,6.678311411762429,False,False,False,False,False,False
No.14WT,613,5.48787412497574,6.194952486812693,False,False,False,False,False,False
No.14WT,614,5.301492956623892,6.73358877552829,False,False,False,False,False,False
No.14WT,615,6.767839789901925,8.12259195680276,False,False,False,False,False,False
No.14WT,616,6.917313086276865,6.102677664105316,False,False,False,False,False,False
No.14WT,617,6.580327512972605,6.477065541939946,False,False,False,False,False,False
No.14WT,618,6.904240571254465,4.547225460053669,False,False,False,False,False,False
No.14WT,619,9.0384758940767,7.825007867307952,False,False,False,False,False,False
No.14WT,620,5.016269183175131,6.420103436181174,False,False,False,False,False,False
No.14WT,621,5.858382917418536,5.461086961753773,False,False,False,False,False,False
No.14WT,622,4.742059053447331,8.659994795143938,False,False,False,False,False,False
No.14WT,623,4.863667812101824,8.008446142910369,False,False,False,False,False,False
No.14WT,624,4.994418973582281,8.512997809206656,False,False,False,False,False,False
No.14WT,625,7.16159854902364,8.089594968610253,False,False,False,False,False,False
No.14WT,626,6.572348941319884,5.371422165238825,False,False,False,False,False,False
No.14WT,627,6.560198076592726,5.629094133253031,False,False,False,False,False,False
No.14WT,628,7.312235191499807,6.929079147856217,False,False,False,False,False,False
No.14WT,629,6.488485460154615,5.396489152060989,False,False,False,False,False,False
No.14WT,630,7.505550199031503,6.942067938495798,False,False,False,False,False,False
No.14WT,631,7.880394204153557,8.358622758732771,False,False,False,False,False,False
No.14WT,632,4.507222192655621,7.3672726403175455,False,False,False,False,False,False
No.14WT,633,5.162720323920223,6.895766204864764,False,False,False,False,False,False
No.14WT,634,6.270829099344754,5.94025527418986,False,False,False,False,False,False
No.14WT,635,7.33624282527727,4.739497889485466,False,False,False,False,False,False
No.14WT,636,6.113280520252278,6.920748226670986,False,False,False,False,False,False
No.14WT,637,6.493961088159011,7.623691544851613,False,False,False,False,False,False
No.14WT,638,4.686091004821891,5.699697585776873,False,False,False,False,False,False
No.14WT,639,4.617679866002197,6.581951558868256,False,False,False,False,False,False
No.14WT,640,3.9040967279363086,8.462357163686534,False,False,False,False,False,False
No.14WT,641,5.274774099065898,5.782214896603673,False,False,False,False,False,False
No.14WT,642,6.011569654551741,6.13210714331061,False,False,False,False,False,False
No.14WT,643,5.729435119961163,8.111898395806856,False,False,False,False,False,False
No.14WT,644,7.9948496048314155,11.683444422326518,False,False,False,False,False,False
No.14WT,645,5.838648849838777,7.2640728346363606,False,False,False,False,False,False
No.14WT,646,6.812973481072412,5.692401390343296,False,False,False,False,False,False
No.14WT,647,7.255440287842154,5.906468900849499,False,False,False,False,False,False
No.14WT,648,6.588602753163569,6.596631350655473,False,False,False,False,False,False
No.14WT,649,5.4400651701207305,6.676208612267518,False,False,False,False,False,False
No.14WT,650,9.972057513676882,9.387030699905788,False,False,False,False,False,False
No.14WT,651,6.657790150039136,7.781631866687323,False,False,False,False,False,False
No.14WT,652,5.263713853354302,10.705024074967794,False,False,False,False,False,False
No.14WT,653,6.413302527882479,8.018213184268825,False,False,False,False,False,False
No.14WT,654,5.078452405694664,8.514702856985625,False,False,False,False,False,False
No.14WT,655,8.651621470662018,14.476349736841145,False,True,True,False,False,False
No.14WT,656,4.337469239034158,13.188687041225613,False,True,True,False,False,False
No.14WT,657,4.6740995393667175,12.130242047112603,False,True,True,False,False,False
No.14WT,658,6.689869198435399,5.877771606055114,False,False,False,False,False,False
No.14WT,659,6.6947691155204305,6.497661159538245,False,False,False,False,False,False
No.14WT,660,9.204236906698366,4.744914685398157,False,False,False,False,False,False
No.14WT,661,6.540827142918109,6.493893986158674,False,False,False,False,False,False
No.14WT,662,10.38623722633269,6.607323629873917,False,False,False,False,False,False
No.14WT,663,7.522316507651503,9.2602747483832,False,False,False,False,False,False
No.14WT,664,9.100682783586347,7.404786322985086,False,False,False,False,False,False
No.14WT,665,10.098210938751505,9.25149114561193,False,False,False,False,False,False
No.14WT,666,7.0316401503924535,7.474913501016227,False,False,False,False,False,False
No.14WT,667,5.986190456538664,6.872695923498297,False,False,False,False,False,False
No.14WT,668,6.982457468550554,6.874700088356789,False,False,False,False,False,False
No.14WT,669,8.226168047294045,10.73369151514599,False,False,False,False,False,False
No.14WT,670,6.513559639022463,5.731117107922741,False,False,False,False,False,False
No.14WT,671,4.2288635097391145,7.1269885944373215,False,False,False,False,False,False
No.14WT,672,8.315474085145102,8.234128054293054,False,False,False,False,False,False
No.14WT,673,6.959617902117996,8.631975141129388,False,False,False,False,False,False
No.14WT,674,6.677350787921143,5.802185592372575,False,False,False,False,False,False
No.14WT,675,6.027301308858555,7.243100498847877,False,False,False,False,False,False
No.14WT,676,5.336681903076896,8.264584354594366,False,False,False,False,False,False
No.14WT,677,5.692469522364211,8.051489875254706,False,False,False,False,False,False
No.14WT,678,5.362439615044143,7.080392145336023,False,False,False,False,False,False
No.14WT,679,5.035232450220899,6.977328994144911,False,False,False,False,False,False
No.14WT,680,5.520475280081936,6.414876861304157,False,False,False,False,False,False
No.14WT,681,8.443959153926583,9.982492235523228,False,False,False,False,False,False
No.14WT,682,4.09032366251831,7.9330476111538,False,False,False,False,False,False
No.14WT,683,4.411951985432873,5.840508927938024,False,False,False,False,False,False
No.14WT,684,4.025551133772372,7.0562407642920215,False,False,False,False,False,False
No.14WT,685,6.241432813013763,11.431740863615486,False,False,False,False,False,False
No.14WT,686,3.7208567749004584,8.547910967673829,False,False,False,False,False,False
No.39WT,1,28175632.725965448,82288754.12493035,True,True,True,True,True,True
No.39WT,2,29005171.13624926,82986071.66490671,True,True,True,True,True,True
No.39WT,3,29115604.14790891,83083714.25404555,True,True,True,True,True,True
No.39WT,4,29120932.940408316,83087075.33290341,True,True,True,True,True,True
No.39WT,5,29122997.704099093,83082985.27118465,True,True,True,True,True,True
No.39WT,6,29119842.94478548,83087977.6108541,True,True,True,True,True,True
No.39WT,7,29118723.01651172,83088678.25105108,True,True,True,True,True,True
No.39WT,8,29120737.00271944,83086048.45973556,True,True,True,True,True,True
No.39WT,9,29116880.06089349,83091608.1803378,True,True,True,True,True,True
No.39WT,10,29116028.725044638,83091987.28310478,True,True,True,True,True,True
No.39WT,11,29116988.84309674,83091356.21646339,True,True,True,True,True,True
No.39WT,12,29114468.645105556,83094494.4725922,True,True,True,True,True,True
No.39WT,13,29115600.914454333,83092763.17330155,True,True,True,True,True,True
No.39WT,14,29114259.408765588,83094034.15481159,True,True,True,True,True,True
No.39WT,15,29111877.425106935,83097114.22801489,True,True,True,True,True,True
No.39WT,16,29112719.47436766,83095553.32465376,True,True,True,True,True,True
No.39WT,17,29103551.04925941,83109789.25130387,True,True,True,True,True,True
No.39WT,18,29102022.087109365,83111668.72785392,True,True,True,True,True,True
No.39WT,19,29102477.477852654,83110262.81141484,True,True,True,True,True,True
No.39WT,20,29101506.532065786,83112048.08841035,True,True,True,True,True,True
No.39WT,21,29097127.66440528,83118965.1231432,True,True,True,True,True,True
No.39WT,22,29096152.78042443,83120293.72733274,True,True,True,True,True,True
No.39WT,23,29097374.124810316,83117822.00604658,True,True,True,True,True,True
No.39WT,24,29101053.00139901,83111945.63708588,True,True,True,True,True,True
No.39WT,25,29101931.66446086,83110315.37002316,True,True,True,True,True,True
No.39WT,26,29101031.890281282,83111131.57887954,True,True,True,True,True,True
No.39WT,27,29100688.698840212,83111608.69815937,True,True,True,True,True,True
No.39WT,28,29099161.248322558,83113902.92527129,True,True,True,True,True,True
No.39WT,29,29097880.09283211,83116767.63097242,True,True,True,True,True,True
No.39WT,30,29092751.480649948,83123391.21077672,True,True,True,True,True,True
No.39WT,31,29089430.722597007,83128692.72074749,True,True,True,True,True,True
No.39WT,32,29089292.663841296,83129093.68052036,True,True,True,True,True,True
No.39WT,33,29087738.89780549,83130871.22393249,True,True,True,True,True,True
No.39WT,34,29089389.89870686,83128901.53430997,True,True,True,True,True,True
No.39WT,35,29088406.64011386,83130439.57726857,True,True,True,True,True,True
No.39WT,36,29089386.2708775,83128688.63143122,True,True,True,True,True,True
No.39WT,37,29089075.769068167,83128472.353914,True,True,True,True,True,True
No.39WT,38,29089094.196189426,83128286.72009288,True,True,True,True,True,True
No.39WT,39,29090348.400978826,83126063.29518321,True,True,True,True,True,True
No.39WT,40,29090322.692453194,83126485.450767,True,True,True,True,True,True
No.39WT,41,29089596.080494963,83127283.96716608,True,True,True,True,True,True
No.39WT,42,29089391.339033715,83128101.66845326,True,True,True,True,True,True
No.39WT,43,29090037.439659014,83127243.14403647,True,True,True,True,True,True
No.39WT,44,29085252.390346944,83134380.16222645,True,True,True,True,True,True
No.39WT,45,29080563.77582623,83140571.8003783,True,True,True,True,True,True
No.39WT,46,29080569.196100164,83140451.90519106,True,True,True,True,True,True
No.39WT,47,29079964.617111746,83141787.34680615,True,True,True,True,True,True
No.39WT,48,29081893.525898445,83139065.53549367,True,True,True,True,True,True
No.39WT,49,29078762.296250425,83144189.40904891,True,True,True,True,True,True
No.39WT,50,29084464.172860093,83135653.44318235,True,True,True,True,True,True
No.39WT,51,29087966.22158046,83129343.14020969,True,True,True,True,True,True
No.39WT,52,29083195.84275764,83136961.89966792,True,True,True,True,True,True
No.39WT,53,29083324.24132706,83137149.27503896,True,True,True,True,True,True
No.39WT,54,29084138.222448166,83134477.62728497,True,True,True,True,True,True
No.39WT,55,29086052.175559316,83133013.40927218,True,True,True,True,True,True
No.39WT,56,29084889.577466726,83133777.07321267,True,True,True,True,True,True
No.39WT,57,29088381.925206497,83129053.51613301,True,True,True,True,True,True
No.39WT,58,29086111.06433086,83132236.43256918,True,True,True,True,True,True
No.39WT,59,29082543.834303215,83128898.8046992,True,True,True,True,True,True
No.39WT,60,28898838.605358005,82911256.90239815,True,True,True,True,True,True
No.39WT,61,29103859.8497292,83075976.7035931,True,True,True,True,True,True
No.39WT,62,29115906.689414825,83094048.45747438,True,True,True,True,True,True
No.39WT,63,29112285.23159028,83097609.07182863,True,True,True,True,True,True
No.39WT,64,29111272.063439343,83100297.66191888,True,True,True,True,True,True
No.39WT,65,29104879.058146752,83108575.54424475,True,True,True,True,True,True
No.39WT,66,29104639.289636396,83107326.27582611,True,True,True,True,True,True
No.39WT,67,29101459.16569852,83112216.6999897,True,True,True,True,True,True
No.39WT,68,29101295.012669638,83112582.74886537,True,True,True,True,True,True
No.39WT,69,29104515.24145235,83107635.72910666,True,True,True,True,True,True
No.39WT,70,29103669.805585608,83109146.7586799,True,True,True,True,True,True
No.39WT,71,29103277.024735224,83108871.0179198,True,True,True,True,True,True
No.39WT,72,29099201.18015534,83114502.7071131,True,True,True,True,True,True
No.39WT,73,29100147.28515959,83113357.64717352,True,True,True,True,True,True
No.39WT,74,29102415.4028169,83110866.45209128,True,True,True,True,True,True
No.39WT,75,29099581.592568293,83114847.70482156,True,True,True,True,True,True
No.39WT,76,29101463.963592753,83112695.07838723,True,True,True,True,True,True
No.39WT,77,29095306.56617312,83122178.66612044,True,True,True,True,True,True
No.39WT,78,29094856.997042723,83122108.24197415,True,True,True,True,True,True
No.39WT,79,29088666.708525635,83130896.44173025,True,True,True,True,True,True
No.39WT,80,29089810.515868686,83129424.78971499,True,True,True,True,True,True
No.39WT,81,29088690.747682698,83129689.431468,True,True,True,True,True,True
No.39WT,82,29088172.43720388,83131116.22811183,True,True,True,True,True,True
No.39WT,83,29088506.984650932,83129986.31436285,True,True,True,True,True,True
No.39WT,84,29086839.115928136,83133072.34687239,True,True,True,True,True,True
No.39WT,85,29088847.044914722,83130847.55264618,True,True,True,True,True,True
No.39WT,86,29090387.115248825,83128829.85460179,True,True,True,True,True,True
No.39WT,87,29088803.333468787,83130136.93489069,True,True,True,True,True,True
No.39WT,88,29091605.450270016,83125707.02838495,True,True,True,True,True,True
No.39WT,89,29091756.770930134,83125846.85508893,True,True,True,True,True,True
No.39WT,90,29089321.257987864,83128512.47547816,True,True,True,True,True,True
No.39WT,91,29088047.725631937,83131524.08979428,True,True,True,True,True,True
No.39WT,92,29089588.60727185,83128313.90491925,True,True,True,True,True,True
No.39WT,93,29089971.062697075,83127011.77145123,True,True,True,True,True,True
No.39WT,94,29088823.244905114,83129488.43000336,True,True,True,True,True,True
No.39WT,95,29085801.02042,83133992.94680233,True,True,True,True,True,True
No.39WT,96,29079615.522712197,83142498.57166146,True,True,True,True,True,True
No.39WT,97,29082046.329169355,83138359.9402285,True,True,True,True,True,True
No.39WT,98,29082404.839825325,83138077.84743504,True,True,True,True,True,True
No.39WT,99,29082619.986239113,83138270.52576365,True,True,True,True,True,True
No.39WT,100,29082780.22037594,83138095.82378392,True,True,True,True,True,True
No.39WT,101,29081541.48857316,83139714.5191106,True,True,True,True,True,True
No.39WT,102,29082370.629316524,83137844.6339417,True,True,True,True,True,True
No.39WT,103,29083863.35729135,83136190.23260549,True,True,True,True,True,True
No.39WT,104,29087252.32941305,83129431.62553781,True,True,True,True,True,True
No.39WT,105,29086796.68926003,83129859.34700748,True,True,True,True,True,True
No.39WT,106,29085174.751576282,83133728.37802725,True,True,True,True,True,True
No.39WT,107,29086297.834208522,83130961.50364381,True,True,True,True,True,True
No.39WT,108,29085926.325933836,83132920.54839098,True,True,True,True,True,True
No.39WT,109,29085344.18347166,83133355.19264725,True,True,True,True,True,True
No.39WT,110,29082848.817280367,83137091.14078955,True,True,True,True,True,True
No.39WT,111,29078895.80712472,83143260.24493954,True,True,True,True,True,True
No.39WT,112,29078201.99396056,83143757.60790874,True,True,True,True,True,True
No.39WT,113,29078616.715795882,83143605.45998289,True,True,True,True,True,True
No.39WT,114,29077228.525559764,83144904.27447724,True,True,True,True,True,True
No.39WT,115,29078528.05446924,83142781.63411504,True,True,True,True,True,True
No.39WT,116,29078424.218297496,83143068.8529723,True,True,True,True,True,True
No.39WT,117,29077997.857894547,83143745.88907029,True,True,True,True,True,True
No.39WT,118,29076685.59885918,83145615.45457181,True,True,True,True,True,True
No.39WT,119,29079102.24194117,83142094.78812853,True,True,True,True,True,True
No.39WT,120,29081412.28114327,83137639.26571365,True,True,True,True,True,True
No.39WT,121,29080044.336648006,83140419.02768813,True,True,True,True,True,True
No.39WT,122,29080522.725729853,83139654.91853957,True,True,True,True,True,True
No.39WT,123,29080240.557181574,83140499.06151333,True,True,True,True,True,True
No.39WT,124,29081518.848027322,83138287.10737534,True,True,True,True,True,True
No.39WT,125,29078431.32566085,83143260.93334064,True,True,True,True,True,True
No.39WT,126,29077203.915964928,83144672.7919374,True,True,True,True,True,True
No.39WT,127,29076206.375331245,83145699.08811548,True,True,True,True,True,True
No.39WT,128,29071842.90127099,83151622.73232701,True,True,True,True,True,True
No.39WT,129,29073581.096430577,83148914.77988017,True,True,True,True,True,True
No.39WT,130,29074160.974777658,83147567.75230968,True,True,True,True,True,True
No.39WT,131,29075397.90435933,83146780.31312174,True,True,True,True,True,True
No.39WT,132,29072291.202144563,83151341.7212052,True,True,True,True,True,True
No.39WT,133,29077331.297984064,83144586.39476117,True,True,True,True,True,True
No.39WT,134,29079354.609849364,83140414.19283321,True,True,True,True,True,True
No.39WT,135,29076456.10643547,83144732.84117058,True,True,True,True,True,True
No.39WT,136,29079735.73031022,83140610.54479724,True,True,True,True,True,True
No.39WT,137,29075347.58868371,83146620.09560092,True,True,True,True,True,True
No.39WT,138,29076864.62058681,83144791.6634373,True,True,True,True,True,True
No.39WT,139,29077732.033625178,83142676.42940366,True,True,True,True,True,True
No.39WT,140,29078107.518706158,83142657.83214125,True,True,True,True,True,True
No.39WT,141,29078231.80025751,83143803.92138532,True,True,True,True,True,True
No.39WT,142,29074580.226509146,83148404.92560062,True,True,True,True,True,True
No.39WT,143,29073160.792180017,83149508.30883773,True,True,True,True,True,True
No.39WT,144,29074699.37360575,83146719.7259727,True,True,True,True,True,True
No.39WT,145,29072849.693790782,83149702.70944639,True,True,True,True,True,True
No.39WT,146,29074351.76929203,83148741.65592496,True,True,True,True,True,True
No.39WT,147,29075026.789662357,83147160.85259877,True,True,True,True,True,True
No.39WT,148,29073941.2993307,83148392.20788242,True,True,True,True,True,True
No.39WT,149,29072078.353687495,83151561.67396641,True,True,True,True,True,True
No.39WT,150,29071792.485948775,83151609.0888627,True,True,True,True,True,True
No.39WT,151,29076767.862518158,83144096.39269808,True,True,True,True,True,True
No.39WT,152,29076302.271213595,83145322.06611465,True,True,True,True,True,True
No.39WT,153,29077542.285361625,83143512.7003309,True,True,True,True,True,True
No.39WT,154,29075478.352678735,83146933.14812966,True,True,True,True,True,True
No.39WT,155,29076104.0906027,83145212.61249357,True,True,True,True,True,True
No.39WT,156,29076357.158099435,83145784.46878505,True,True,True,True,True,True
No.39WT,157,29075171.15963977,83146264.85541871,True,True,True,True,True,True
No.39WT,158,29072404.24184766,83150087.18135348,True,True,True,True,True,True
No.39WT,159,29073487.14002774,83148263.77879353,True,True,True,True,True,True
No.39WT,160,29072464.931903575,83151238.050525,True,True,True,True,True,True
No.39WT,161,29068210.697339628,83157015.94894707,True,True,True,True,True,True
No.39WT,162,29066676.645306557,83159531.13706328,True,True,True,True,True,True
No.39WT,163,29068469.68694041,83157170.72381894,True,True,True,True,True,True
No.39WT,164,29067407.26910275,83158740.0899417,True,True,True,True,True,True
No.39WT,165,29067917.824879747,83159019.88509975,True,True,True,True,True,True
No.39WT,166,29070240.341658134,83154458.88567935,True,True,True,True,True,True
No.39WT,167,29070551.951166034,83153261.90839066,True,True,True,True,True,True
No.39WT,168,29069389.772802457,83154754.130272,True,True,True,True,True,True
No.39WT,169,29071734.532856546,83151593.82112625,True,True,True,True,True,True
No.39WT,170,29070857.324851975,83153576.60448296,True,True,True,True,True,True
No.39WT,171,29069083.935672257,83156480.44860578,True,True,True,True,True,True
No.39WT,172,29070762.927382663,83153485.17288864,True,True,True,True,True,True
No.39WT,173,29074110.360114753,83149162.6226553,True,True,True,True,True,True
No.39WT,174,29073739.598057866,83148907.09658396,True,True,True,True,True,True
No.39WT,175,29070359.166476637,83153545.15286598,True,True,True,True,True,True
No.39WT,176,29072655.859687477,83151068.56196038,True,True,True,True,True,True
No.39WT,177,29072166.999130853,83151334.2078232,True,True,True,True,True,True
No.39WT,178,29071501.443673864,83149642.15395895,True,True,True,True,True,True
No.39WT,179,29069754.651485257,83153942.4050414,True,True,True,True,True,True
No.39WT,180,29073327.784287967,83148910.79597196,True,True,True,True,True,True
No.39WT,181,29070274.47272951,83152403.57128924,True,True,True,True,True,True
No.39WT,182,29070343.9317629,83152070.37236568,True,True,True,True,True,True
No.39WT,183,29073316.91118093,83149896.51839599,True,True,True,True,True,True
No.39WT,184,29072964.473031458,83150153.96522069,True,True,True,True,True,True
No.39WT,185,29070943.880821437,83152492.8909096,True,True,True,True,True,True
No.39WT,186,29070409.34213468,83153721.34676978,True,True,True,True,True,True
No.39WT,187,29073797.954793844,83148896.89625716,True,True,True,True,True,True
No.39WT,188,29072707.47374297,83150119.95765278,True,True,True,True,True,True
No.39WT,189,29072131.007823806,83151408.99808389,True,True,True,True,True,True
No.39WT,190,29067807.18371623,83156420.98820151,True,True,True,True,True,True
No.39WT,191,29071264.425652504,83152165.69700266,True,True,True,True,True,True
No.39WT,192,29070418.666587446,83153082.09792498,True,True,True,True,True,True
No.39WT,193,29066407.755603112,83158866.14747049,True,True,True,True,True,True
No.39WT,194,29070012.76440862,83154886.50274286,True,True,True,True,True,True
No.39WT,195,29068932.274066735,83155751.05954935,True,True,True,True,True,True
No.39WT,196,29070357.623968013,83154460.2729567,True,True,True,True,True,True
No.39WT,197,29070353.069484495,83154508.9711264,True,True,True,True,True,True
No.39WT,198,29072706.935854822,83148554.19864492,True,True,True,True,True,True
No.39WT,199,29070333.74558693,83153059.59628959,True,True,True,True,True,True
No.39WT,200,29072496.527808588,83150543.78503606,True,True,True,True,True,True
No.39WT,201,29071201.63989161,83151916.46877412,True,True,True,True,True,True
No.39WT,202,29068254.54648058,83156163.66788779,True,True,True,True,True,True
No.39WT,203,29069858.651340507,83154324.14838167,True,True,True,True,True,True
No.39WT,204,29069024.50627371,83154616.11422288,True,True,True,True,True,True
No.39WT,205,29070348.530542046,83151578.00826979,True,True,True,True,True,True
No.39WT,206,29069967.19285605,83154114.7495815,True,True,True,True,True,True
No.39WT,207,29067933.303359427,83157238.62218413,True,True,True,True,True,True
No.39WT,208,29069764.277296297,83154267.81978357,True,True,True,True,True,True
No.39WT,209,29069641.793004453,83154472.72706912,True,True,True,True,True,True
No.39WT,210,29071399.849740736,83150469.93580277,True,True,True,True,True,True
No.39WT,211,29073931.708833132,83147241.60136876,True,True,True,True,True,True
No.39WT,212,29069799.482218817,83153633.82727076,True,True,True,True,True,True
No.39WT,213,29072144.4034007,83150627.93746997,True,True,True,True,True,True
No.39WT,214,29070650.180841856,83152175.07069406,True,True,True,True,True,True
No.39WT,215,29070534.85638147,83152675.18499011,True,True,True,True,True,True
No.39WT,216,29066594.666838698,83157939.20274076,True,True,True,True,True,True
No.39WT,217,29068558.301252194,83155033.05732733,True,True,True,True,True,True
No.39WT,218,29068622.709483184,83155890.44452769,True,True,True,True,True,True
No.39WT,219,29071517.563883193,83151491.01370654,True,True,True,True,True,True
No.39WT,220,29067808.083413478,83156058.83520232,True,True,True,True,True,True
No.39WT,221,29069577.118833903,83153421.34151015,True,True,True,True,True,True
No.39WT,222,29068221.78880819,83156286.86970587,True,True,True,True,True,True
No.39WT,223,29071119.683976494,83151089.83637163,True,True,True,True,True,True
No.39WT,224,29070518.77385982,83151683.05338404,True,True,True,True,True,True
No.39WT,225,29069691.234198056,83153623.605071,True,True,True,True,True,True
No.39WT,226,29071113.857702058,83151245.97408754,True,True,True,True,True,True
No.39WT,227,29070021.320157282,83152706.15859431,True,True,True,True,True,True
No.39WT,228,29070406.13904363,83151921.76341766,True,True,True,True,True,True
No.39WT,229,29073569.86603758,83147764.15209784,True,True,True,True,True,True
No.39WT,230,29070995.482281968,83150962.00312385,True,True,True,True,True,True
No.39WT,231,29066878.028027646,83157123.5404959,True,True,True,True,True,True
No.39WT,232,29065153.39848851,83159795.49029075,True,True,True,True,True,True
No.39WT,233,29065366.091287173,83159341.3470396,True,True,True,True,True,True
No.39WT,234,29066149.063562512,83158256.04784776,True,True,True,True,True,True
No.39WT,235,29065850.330857094,83159271.21224959,True,True,True,True,True,True
No.39WT,236,29066423.151992977,83158291.52542312,True,True,True,True,True,True
No.39WT,237,29070715.073880583,83151564.89219002,True,True,True,True,True,True
No.39WT,238,29069272.9930574,83152005.1152052,True,True,True,True,True,True
No.39WT,239,29070688.021556504,83150928.5809126,True,True,True,True,True,True
No.39WT,240,29071138.38260894,83151118.94637373,True,True,True,True,True,True
No.39WT,241,29069801.828800358,83152002.15281026,True,True,True,True,True,True
No.39WT,242,29069189.922412775,83153888.2685001,True,True,True,True,True,True
No.39WT,243,29070420.642697558,83149874.17107745,True,True,True,True,True,True
No.39WT,244,29070195.95584491,83151469.91686565,True,True,True,True,True,True
No.39WT,245,29072436.78422997,83147690.87517169,True,True,True,True,True,True
No.39WT,246,29067797.150137454,83154732.45664285,True,True,True,True,True,True
No.39WT,247,29066586.853938676,83155910.58052817,True,True,True,True,True,True
No.39WT,248,29066827.476996772,83155199.04671,True,True,True,True,True,True
No.39WT,249,29064252.8714177,83160445.14669985,True,True,True,True,True,True
No.39WT,250,29062403.588922165,83164082.64452821,True,True,True,True,True,True
No.39WT,251,29063064.20651692,83163322.58471303,True,True,True,True,True,True
No.39WT,252,29064384.376185082,83160488.63176434,True,True,True,True,True,True
No.39WT,253,29060999.315758668,83163949.57408856,True,True,True,True,True,True
No.39WT,254,29064131.17491307,83160703.47973439,True,True,True,True,True,True
No.39WT,255,29063576.36935866,83160966.03292246,True,True,True,True,True,True
No.39WT,256,29064983.589871593,83158735.27766162,True,True,True,True,True,True
No.39WT,257,29066035.97239013,83157996.19541246,True,True,True,True,True,True
No.39WT,258,29066397.009567842,83156991.01643527,True,True,True,True,True,True
No.39WT,259,29064680.702496722,83159486.85230128,True,True,True,True,True,True
No.39WT,260,29065034.914066494,83158779.80825554,True,True,True,True,True,True
No.39WT,261,29067013.415310875,83157152.25954415,True,True,True,True,True,True
No.39WT,262,29067069.60994781,83156084.07173824,True,True,True,True,True,True
No.39WT,263,29067125.567994036,83155498.72601673,True,True,True,True,True,True
No.39WT,264,29066679.915991724,83156238.50659938,True,True,True,True,True,True
No.39WT,265,29062531.459867112,83162056.38855545,True,True,True,True,True,True
No.39WT,266,29063322.94786168,83161260.9032067,True,True,True,True,True,True
No.39WT,267,29063043.041602172,83161009.47272272,True,True,True,True,True,True
No.39WT,268,29062905.50526961,83161486.43710388,True,True,True,True,True,True
No.39WT,269,29063765.34504088,83159218.76258418,True,True,True,True,True,True
No.39WT,270,29062683.75110608,83162441.95441952,True,True,True,True,True,True
No.39WT,271,29065614.984541245,83158430.77395494,True,True,True,True,True,True
No.39WT,272,29063985.653577417,83159886.93852866,True,True,True,True,True,True
No.39WT,273,29060178.607782684,83165651.94011109,True,True,True,True,True,True
No.39WT,274,29062253.80837053,83162911.26904954,True,True,True,True,True,True
No.39WT,275,29066223.60347729,83155909.4578218,True,True,True,True,True,True
No.39WT,276,29067100.81576521,83154440.16434802,True,True,True,True,True,True
No.39WT,277,29066922.441130765,83155004.23241846,True,True,True,True,True,True
No.39WT,278,29067952.047738012,83152878.65892017,True,True,True,True,True,True
No.39WT,279,29065564.13199976,83156967.285462,True,True,True,True,True,True
No.39WT,280,29065614.921396047,83157500.72850206,True,True,True,True,True,True
No.39WT,281,29066863.237905838,83156435.38531001,True,True,True,True,True,True
No.39WT,282,29067474.404812135,83154852.77477126,True,True,True,True,True,True
No.39WT,283,29067866.834831323,83153710.5559983,True,True,True,True,True,True
No.39WT,284,29064748.115472987,83159020.99930634,True,True,True,True,True,True
No.39WT,285,29065675.60676233,83157618.2701933,True,True,True,True,True,True
No.39WT,286,29063979.22987313,83159498.166249,True,True,True,True,True,True
No.39WT,287,29062783.231032208,83161854.55794771,True,True,True,True,True,True
No.39WT,288,29062678.822720096,83162493.34612668,True,True,True,True,True,True
No.39WT,289,29063774.84803982,83160051.98861971,True,True,True,True,True,True
No.39WT,290,29064645.15315693,83158997.14672808,True,True,True,True,True,True
No.39WT,291,29068350.450014815,83153685.566886,True,True,True,True,True,True
No.39WT,292,29066812.041536976,83156319.90537065,True,True,True,True,True,True
No.39WT,293,29066925.50794816,83154347.20049119,True,True,True,True,True,True
No.39WT,294,29065642.79346159,83156649.73384503,True,True,True,True,True,True
No.39WT,295,29064920.07388323,83157910.67643237,True,True,True,True,True,True
No.39WT,296,29067312.79339653,83154097.41305624,True,True,True,True,True,True
No.39WT,297,29068870.8389016,83153930.1343185,True,True,True,True,True,True
No.39WT,298,29067576.736251205,83154912.39646132,True,True,True,True,True,True
No.39WT,299,29061647.785498068,83162655.64444084,True,True,True,True,True,True
No.39WT,300,29063576.67195992,83159561.43293689,True,True,True,True,True,True
No.39WT,301,29064225.50508902,83158764.39713587,True,True,True,True,True,True
No.39WT,302,29064649.83696162,83158568.62809543,True,True,True,True,True,True
No.39WT,303,29065918.159602325,83156746.50839217,True,True,True,True,True,True
No.39WT,304,29067247.10493084,83154708.36759296,True,True,True,True,True,True
No.39WT,305,29067541.196615033,83153345.58773263,True,True,True,True,True,True
No.39WT,306,29067454.544548687,83153781.94552968,True,True,True,True,True,True
No.39WT,307,29068234.30128967,83152765.58993939,True,True,True,True,True,True
No.39WT,308,29067695.530738343,83154466.55085802,True,True,True,True,True,True
No.39WT,309,29065756.510118682,83156263.34188135,True,True,True,True,True,True
No.39WT,310,29067425.566436596,83154910.50798272,True,True,True,True,True,True
No.39WT,311,29066161.670202658,83155695.96488777,True,True,True,True,True,True
No.39WT,312,29067004.696889013,83155206.07264324,True,True,True,True,True,True
No.39WT,313,29066380.439140595,83155791.25980708,True,True,True,True,True,True
No.39WT,314,29061685.184104666,83162521.4896132,True,True,True,True,True,True
No.39WT,315,29067086.774990305,83155021.47053275,True,True,True,True,True,True
No.39WT,316,29067783.856896244,83153351.1472575,True,True,True,True,True,True
No.39WT,317,29066129.155230097,83156773.96808845,True,True,True,True,True,True
No.39WT,318,29063331.754806716,83159892.15623125,True,True,True,True,True,True
No.39WT,319,29065541.68407719,83157143.21823312,True,True,True,True,True,True
No.39WT,320,29068226.974427845,83153744.79877216,True,True,True,True,True,True
No.39WT,321,29063512.729801483,83160075.20282257,True,True,True,True,True,True
No.39WT,322,29066402.571806796,83155602.02896293,True,True,True,True,True,True
No.39WT,323,29066518.86627298,83156489.38230847,True,True,True,True,True,True
No.39WT,324,29065893.566260684,83155999.96144046,True,True,True,True,True,True
No.39WT,325,29066492.18947087,83155070.79709992,True,True,True,True,True,True
No.39WT,326,29066950.87381537,83154572.40891318,True,True,True,True,True,True
No.39WT,327,29066887.76104713,83154792.06214592,True,True,True,True,True,True
No.39WT,328,29062661.61650843,83162191.1941519,True,True,True,True,True,True
No.39WT,329,29061287.08442017,83163693.12979779,True,True,True,True,True,True
No.39WT,330,29064493.583661046,83158954.5353112,True,True,True,True,True,True
No.39WT,331,29064275.58664582,83159158.48354183,True,True,True,True,True,True
No.39WT,332,29061409.20448022,83164013.4790174,True,True,True,True,True,True
No.39WT,333,29063114.92457269,83161592.83537146,True,True,True,True,True,True
No.39WT,334,29063014.290089935,83160393.98383902,True,True,True,True,True,True
No.39WT,335,29063342.807643097,83161196.13603833,True,True,True,True,True,True
No.39WT,336,29065729.03802092,83156527.32373334,True,True,True,True,True,True
No.39WT,337,29064652.423934206,83158216.42865703,True,True,True,True,True,True
No.39WT,338,29064807.15369637,83159139.71969213,True,True,True,True,True,True
No.39WT,339,29064763.073202267,83158863.5263397,True,True,True,True,True,True
No.39WT,340,29066251.410849065,83156491.22949256,True,True,True,True,True,True
No.39WT,341,29065673.012080602,83157932.68262576,True,True,True,True,True,True
No.39WT,342,29063326.337132372,83161006.6694356,True,True,True,True,True,True
No.39WT,343,29064708.25691538,83158497.72127806,True,True,True,True,True,True
No.39WT,344,29065391.43421638,83158697.542234,True,True,True,True,True,True
No.39WT,345,29061370.35202712,83164298.83011872,True,True,True,True,True,True
No.39WT,346,29059189.176552117,83168678.74870005,True,True,True,True,True,True
No.39WT,347,29060789.021125935,83165674.93160513,True,True,True,True,True,True
No.39WT,348,29063597.436752528,83161811.13816036,True,True,True,True,True,True
No.39WT,349,29061730.665139906,83164555.87524565,True,True,True,True,True,True
No.39WT,350,29062559.894847397,83163256.52791728,True,True,True,True,True,True
No.39WT,351,29062561.96387016,83162774.41637735,True,True,True,True,True,True
No.39WT,352,29062069.061254896,83163750.91321138,True,True,True,True,True,True
No.39WT,353,29063729.17016454,83160967.20826581,True,True,True,True,True,True
No.39WT,354,29062459.8497683,83162568.2509487,True,True,True,True,True,True
No.39WT,355,29061598.814457573,83163440.02489051,True,True,True,True,True,True
No.39WT,356,29061592.70862206,83164432.31439936,True,True,True,True,True,True
No.39WT,357,29060095.719659664,83166107.28808661,True,True,True,True,True,True
No.39WT,358,29060790.895302348,83164818.60892098,True,True,True,True,True,True
No.39WT,359,29066735.122814283,83155593.910618,True,True,True,True,True,True
No.39WT,360,29066811.045828696,83156672.19491322,True,True,True,True,True,True
No.39WT,361,29064613.755924955,83159559.18806466,True,True,True,True,True,True
No.39WT,362,29065564.72850413,83158734.81370245,True,True,True,True,True,True
No.39WT,363,29058838.624300953,83168583.15966502,True,True,True,True,True,True
No.39WT,364,29058093.662263937,83169198.39510253,True,True,True,True,True,True
No.39WT,365,29058806.27408874,83167654.07412219,True,True,True,True,True,True
No.39WT,366,29061904.93150938,83162378.17772385,True,True,True,True,True,True
No.39WT,367,29065021.690251283,83160258.20889409,True,True,True,True,True,True
No.39WT,368,29060675.61267978,83164957.86575806,True,True,True,True,True,True
No.39WT,369,29063014.940489084,83162172.72765857,True,True,True,True,True,True
No.39WT,370,29063277.621840883,83162799.44226827,True,True,True,True,True,True
No.39WT,371,29062392.77216725,83162883.44643839,True,True,True,True,True,True
No.39WT,372,29062101.235211764,83164021.87478912,True,True,True,True,True,True
No.39WT,373,29062778.64403627,83163316.04783961,True,True,True,True,True,True
No.39WT,374,29062363.6978267,83163337.81128539,True,True,True,True,True,True
No.39WT,375,29060936.69934157,83164387.77790605,True,True,True,True,True,True
No.39WT,376,29062468.60130585,83163285.36618154,True,True,True,True,True,True
No.39WT,377,29062528.89742527,83161784.158394,True,True,True,True,True,True
No.39WT,378,29064847.89686639,83158865.47107598,True,True,True,True,True,True
No.39WT,379,29063040.684692137,83160990.6925397,True,True,True,True,True,True
No.39WT,380,29058971.94887823,83168143.43058464,True,True,True,True,True,True
No.39WT,381,29062751.89726999,83162097.09453692,True,True,True,True,True,True
No.39WT,382,29057657.662392765,83170436.85124077,True,True,True,True,True,True
No.39WT,383,29055805.86583308,83173193.49049395,True,True,True,True,True,True
No.39WT,384,29057641.002231706,83170190.38964172,True,True,True,True,True,True
No.39WT,385,29057817.369255204,83170571.94080499,True,True,True,True,True,True
No.39WT,386,29059646.09662374,83167332.708814,True,True,True,True,True,True
No.39WT,387,29061376.597780347,83166523.28195293,True,True,True,True,True,True
No.39WT,388,29058885.383480564,83170765.06453153,True,True,True,True,True,True
No.39WT,389,29066120.034354575,83159646.99203241,True,True,True,True,True,True
No.39WT,390,29062116.282914683,83164864.94934832,True,True,True,True,True,True
No.39WT,391,29060986.15203412,83166601.48167269,True,True,True,True,True,True
No.39WT,392,29064819.088997766,83159674.96606998,True,True,True,True,True,True
No.39WT,393,29062142.68976143,83163072.47442356,True,True,True,True,True,True
No.39WT,394,29062696.343043577,83162036.54666412,True,True,True,True,True,True
No.39WT,395,29064941.14127328,83157503.26315506,True,True,True,True,True,True
No.39WT,396,29069563.52669213,83153315.15158662,True,True,True,True,True,True
No.39WT,397,29061702.861309156,83166024.27676731,True,True,True,True,True,True
No.39WT,398,29063010.696532123,83161826.34029302,True,True,True,True,True,True
No.39WT,399,29062178.8453193,83163508.81788869,True,True,True,True,True,True
No.39WT,400,29061609.861182816,83164397.08864619,True,True,True,True,True,True
No.39WT,401,29057138.34798539,83171799.46598007,True,True,True,True,True,True
No.39WT,402,29058085.700008377,83168932.43665916,True,True,True,True,True,True
No.39WT,403,29059531.551665753,83168207.57431774,True,True,True,True,True,True
No.39WT,404,29056916.458167642,83170943.49263896,True,True,True,True,True,True
No.39WT,405,29057185.080617584,83170280.37235743,True,True,True,True,True,True
No.39WT,406,29059810.31512651,83167582.67847486,True,True,True,True,True,True
No.39WT,407,29058717.460909154,83167864.53193928,True,True,True,True,True,True
No.39WT,408,29057751.801523514,83170391.39787921,True,True,True,True,True,True
No.39WT,409,29059464.70364368,83167534.70820701,True,True,True,True,True,True
No.39WT,410,29063890.907705814,83160144.92076431,True,True,True,True,True,True
No.39WT,411,29060611.433753625,83164289.24880552,True,True,True,True,True,True
No.39WT,412,29061918.979930572,83164387.89235103,True,True,True,True,True,True
No.39WT,413,29061269.544104595,83166309.40591809,True,True,True,True,True,True
No.39WT,414,29064586.542212643,83159042.01595886,True,True,True,True,True,True
No.39WT,415,29061917.912279002,83163826.22327153,True,True,True,True,True,True
No.39WT,416,29060863.096986838,83165441.16526268,True,True,True,True,True,True
No.39WT,417,29058904.230025068,83167216.6799396,True,True,True,True,True,True
No.39WT,418,29063107.329135388,83162019.46646357,True,True,True,True,True,True
No.39WT,419,29061937.72220567,83163703.38839772,True,True,True,True,True,True
No.39WT,420,29059695.43496203,83166139.90079156,True,True,True,True,True,True
No.39WT,421,29058594.942323435,83168717.36171524,True,True,True,True,True,True
No.39WT,422,29059163.04147304,83167627.08462071,True,True,True,True,True,True
No.39WT,423,29060926.63796442,83165542.9330596,True,True,True,True,True,True
No.39WT,424,29053719.39979869,83176595.75793526,True,True,True,True,True,True
No.39WT,425,29052146.56136003,83178593.67299819,True,True,True,True,True,True
No.39WT,426,29054954.000121493,83173729.63541026,True,True,True,True,True,True
No.39WT,427,29057030.896290116,83171307.92686576,True,True,True,True,True,True
No.39WT,428,29056823.306738213,83171736.93640572,True,True,True,True,True,True
No.39WT,429,29059321.268141184,83166968.92784673,True,True,True,True,True,True
No.39WT,430,29058447.196556587,83169216.16183048,True,True,True,True,True,True
No.39WT,431,29058400.35150995,83169754.32713318,True,True,True,True,True,True
No.39WT,432,29058833.64544384,83168441.13405363,True,True,True,True,True,True
No.39WT,433,29056824.552767117,83170528.83152393,True,True,True,True,True,True
No.39WT,434,29056489.611883532,83171173.64495553,True,True,True,True,True,True
No.39WT,435,29058549.66478183,83168873.25593244,True,True,True,True,True,True
No.39WT,436,29060592.760240853,83165882.69492969,True,True,True,True,True,True
No.39WT,437,29061952.552913353,83163752.58215703,True,True,True,True,True,True
No.39WT,438,29060425.948332705,83166032.94092858,True,True,True,True,True,True
No.39WT,439,29061743.075993083,83164036.55368493,True,True,True,True,True,True
No.39WT,440,29061431.642180942,83164415.7756243,True,True,True,True,True,True
No.39WT,441,29061154.385069463,83164653.45746946,True,True,True,True,True,True
No.39WT,442,29064013.882453986,83160496.25237136,True,True,True,True,True,True
No.39WT,443,29061248.48398424,83166046.86947863,True,True,True,True,True,True
No.39WT,444,29059095.523403138,83168099.51354145,True,True,True,True,True,True
No.39WT,445,29060590.88804484,83165844.896774,True,True,True,True,True,True
No.39WT,446,29061075.583555736,83165339.61762832,True,True,True,True,True,True
No.39WT,447,29061314.113286767,83164489.30632786,True,True,True,True,True,True
No.39WT,448,29061857.927141003,83164193.29500118,True,True,True,True,True,True
No.39WT,449,29060799.322014526,83166350.21022937,True,True,True,True,True,True
No.39WT,450,29058219.60497338,83169622.53026226,True,True,True,True,True,True
No.39WT,451,29057216.47732091,83169301.85286967,True,True,True,True,True,True
No.39WT,452,29060688.213612944,83165742.39321482,True,True,True,True,True,True
No.39WT,453,29058879.094702616,83169131.44725403,True,True,True,True,True,True
No.39WT,454,29059206.364284746,83168290.87447576,True,True,True,True,True,True
No.39WT,455,29060720.273154538,83166381.1441756,True,True,True,True,True,True
No.39WT,456,29059153.209606078,83166123.6259352,True,True,True,True,True,True
No.39WT,457,29052995.96864996,83177064.49183874,True,True,True,True,True,True
No.39WT,458,29054738.229238257,83173788.84569861,True,True,True,True,True,True
No.39WT,459,29051999.345650494,83178478.06053315,True,True,True,True,True,True
No.39WT,460,29052309.322608672,83177578.79185554,True,True,True,True,True,True
No.39WT,461,29052661.02929602,83176427.49823554,True,True,True,True,True,True
No.39WT,462,29056976.918636408,83170918.11965637,True,True,True,True,True,True
No.39WT,463,29060085.79696703,83166302.11747763,True,True,True,True,True,True
No.39WT,464,29059630.965581886,83167055.29035729,True,True,True,True,True,True
No.39WT,465,29057874.33905967,83169896.33033782,True,True,True,True,True,True
No.39WT,466,29060120.60344844,83165320.90624087,True,True,True,True,True,True
No.39WT,467,29059497.094814472,83166592.48571274,True,True,True,True,True,True
No.39WT,468,29057823.25570759,83169694.46877317,True,True,True,True,True,True
No.39WT,469,29058811.124999214,83168867.41819865,True,True,True,True,True,True
No.39WT,470,368263955.32856965,2817917065.3832903,True,True,True,True,True,True
No.39WT,471,13.448875263439449,6.140502723059873,False,False,False,False,False,False
No.39WT,472,7.002798165708046,10.472661481636349,False,False,False,False,False,False
No.39WT,473,10.749973017462418,9.300975711453379,False,False,False,False,False,False
No.39WT,474,9.924803836338961,8.332032724663403,False,False,False,False,False,False
No.39WT,475,12.055374233407743,7.030740058395939,False,False,False,False,False,False
No.39WT,476,9.376781289742759,9.238534461260576,False,False,False,False,False,False
No.39WT,477,17.478100056361114,9.038006155536438,True,False,True,False,False,False
No.39WT,478,15.160339389844273,6.758327863868919,False,False,False,False,False,False
No.39WT,479,13.56882517197139,6.681757773230783,False,False,False,False,False,False
No.39WT,480,9.24754117511135,7.436643930992368,False,False,False,False,False,False
No.39WT,481,11.28365386922732,7.916764870039729,False,False,False,False,False,False
No.39WT,482,11.132985312462376,7.068378134285142,False,False,False,False,False,False
No.39WT,483,10.585673812944748,7.397059554755421,False,False,False,False,False,False
No.39WT,484,14.767347818113567,10.418167581241548,False,False,False,False,False,False
No.39WT,485,13.05281158002538,6.973946111067003,False,False,False,False,False,False
No.39WT,486,9.66414026455062,7.094112309920129,False,False,False,False,False,False
No.39WT,487,11.552530557623605,6.699168124654817,False,False,False,False,False,False
No.39WT,488,11.372920195956736,7.065056530009129,False,False,False,False,False,False
No.39WT,489,13.632671232523494,6.5640897463258305,False,False,False,False,False,False
No.39WT,490,7.551130302207269,10.232079594930308,False,False,False,False,False,False
No.39WT,491,17.075373381230484,9.294551959308015,True,False,True,False,False,False
No.39WT,492,15.800715461618484,8.161810068547387,False,False,False,False,False,False
No.39WT,493,9.951158404164929,5.778248232238289,False,False,False,False,False,False
No.39WT,494,10.099153744744562,6.749125369391839,False,False,False,False,False,False
No.39WT,495,8.026047122396202,7.526006712618209,False,False,False,False,False,False
No.39WT,496,15.515468340740142,6.7057470611983225,False,False,False,False,False,False
No.39WT,497,16.341849768061707,7.39084043674922,False,False,False,False,False,False
No.39WT,498,8.250587767778168,8.42816435897204,False,False,False,False,False,False
No.39WT,499,7.8537310629590875,9.578285422429206,False,False,False,False,False,False
No.39WT,500,12.364673181106024,5.544402706894915,False,False,False,False,False,False
No.39WT,501,6.772006251452307,7.772563727341697,False,False,False,False,False,False
No.39WT,502,11.778085333449347,5.537825215101147,False,False,False,False,False,False
No.39WT,503,10.610028688058724,5.036339614059711,False,False,False,False,False,False
No.39WT,504,12.402684756715878,10.085757396001622,False,False,False,False,False,False
No.39WT,505,10.151143536584406,7.307877429446941,False,False,False,False,False,False
No.39WT,506,8.34971512788488,6.13335981497914,False,False,False,False,False,False
No.39WT,507,7.67273368936056,11.052528504491864,False,False,False,False,False,False
No.39WT,508,11.889536040888512,5.504780002667999,False,False,False,False,False,False
No.39WT,509,11.48980852606468,7.605765263822591,False,False,False,False,False,False
No.39WT,510,13.169130943153402,5.336373596425671,False,False,False,False,False,False
No.39WT,511,12.73951331382833,5.369595558454535,False,False,False,False,False,False
No.39WT,512,10.881672263067697,6.418971515581888,False,False,False,False,False,False
No.39WT,513,10.548406055479804,7.107008441596373,False,False,False,False,False,False
No.39WT,514,8.75242900524794,6.096940471436951,False,False,False,False,False,False
No.39WT,515,10.285279103069035,6.3695523803963185,False,False,False,False,False,False
No.39WT,516,8.233041256628029,5.535751242096802,False,False,False,False,False,False
No.39WT,517,8.736214006134173,6.844753123136539,False,False,False,False,False,False
No.39WT,518,8.402049715599784,7.47212707113097,False,False,False,False,False,False
No.39WT,519,11.719803305082822,4.869865373530749,False,False,False,False,False,False
No.39WT,520,6.296430261315124,8.270290584993917,False,False,False,False,False,False
No.39WT,521,9.338764000872908,8.960616142038864,False,False,False,False,False,False
No.39WT,522,10.53447511656573,5.3397836678914,False,False,False,False,False,False
No.39WT,523,12.835382381220374,4.943145616747073,False,False,False,False,False,False
No.39WT,524,11.84422255316139,5.198698792913276,False,False,False,False,False,False
No.39WT,525,10.97174909096651,4.905227338711671,False,False,False,False,False,False
No.39WT,526,8.27824206735462,6.448746824433829,False,False,False,False,False,False
No.39WT,527,7.7329440150494015,6.386814892659581,False,False,False,False,False,False
No.39WT,528,12.345084350800361,4.375169999482826,False,False,False,False,False,False
No.39WT,529,5.015637018082862,11.42089029956806,False,False,False,False,False,False
No.39WT,530,8.099612104339407,6.655146769489436,False,False,False,False,False,False
No.39WT,531,9.644627744745028,7.832482208761371,False,False,False,False,False,False
No.39WT,532,7.451109748256353,7.290549837776922,False,False,False,False,False,False
No.39WT,533,11.107114623620529,5.351731985493499,False,False,False,False,False,False
No.39WT,534,8.019151511239968,8.939907024321428,False,False,False,False,False,False
No.39WT,535,7.190189354816717,10.523380453206755,False,False,False,False,False,False
No.39WT,536,8.505123288849852,8.758425788498437,False,False,False,False,False,False
No.39WT,537,8.68735270763027,8.970430837119322,False,False,False,False,False,False
No.39WT,538,5.094866527897154,9.651630306411008,False,False,False,False,False,False
No.39WT,539,6.853126613910092,7.237583248631363,False,False,False,False,False,False
No.39WT,540,8.009221224301205,11.124329127102035,False,False,False,False,False,False
No.39WT,541,7.801465502651022,6.363392909614049,False,False,False,False,False,False
No.39WT,542,9.293332630637536,6.804489449758201,False,False,False,False,False,False
No.39WT,543,8.64286050951445,5.479851967227155,False,False,False,False,False,False
No.39WT,544,8.468551489418239,12.360347757104533,False,True,True,False,False,False
No.39WT,545,11.45464461630182,9.588396638336796,False,False,False,False,False,False
No.39WT,546,9.817694087750402,7.8700822604841285,False,False,False,False,False,False
No.39WT,547,8.780395623226108,9.149345210831854,False,False,False,False,False,False
No.39WT,548,5.965272344327221,10.248619247106,False,False,False,False,False,False
No.39WT,549,8.793820105372733,12.38321315223022,False,True,True,False,False,False
No.39WT,550,3.4621014489122817,12.204571652295057,False,True,True,False,False,False
No.39WT,551,7.067949023013507,9.950398178635616,False,False,False,False,False,False
No.39WT,552,7.817476077706453,15.983197488200089,False,True,True,False,False,False
No.39WT,553,11.444686746119139,8.973425292966729,False,False,False,False,False,False
No.39WT,554,5.251563497422007,8.315691732093294,False,False,False,False,False,False
No.39WT,555,6.949766279041658,8.974280961313449,False,False,False,False,False,False
No.39WT,556,4.335668064223156,8.67772982213708,False,False,False,False,False,False
No.39WT,557,8.93552929689572,5.154123663483855,False,False,False,False,False,False
No.39WT,558,7.723828650044145,6.4433537653332325,False,False,False,False,False,False
No.39WT,559,7.263671625359802,12.278301957596256,False,True,True,False,False,False
No.39WT,560,4.713503292295101,8.84251721488022,False,False,False,False,False,False
No.39WT,561,6.01848733389099,10.986388954634824,False,False,False,False,False,False
No.39WT,562,8.038243111188804,10.289870998692319,False,False,False,False,False,False
No.39WT,563,3.9470903265592217,11.279791126577043,False,False,False,False,False,False
No.39WT,564,6.284615524081193,9.176152026626953,False,False,False,False,False,False
No.39WT,565,6.44449025719138,5.761737561731113,False,False,False,False,False,False
No.39WT,566,4.1726660711642385,12.029706025032464,False,False,False,False,False,False
No.39WT,567,5.550609800028686,6.647462853195804,False,False,False,False,False,False
No.39WT,568,4.122657480152958,8.051761346032418,False,False,False,False,False,False
No.39WT,569,7.51991618980081,4.313106937251688,False,False,False,False,False,False
No.39WT,570,4.770994841596869,10.888461470272446,False,False,False,False,False,False
No.39WT,571,7.376939506130525,6.112929751909404,False,False,False,False,False,False
No.39WT,572,7.964961524662293,5.865546534184674,False,False,False,False,False,False
No.39WT,573,5.403746170160501,6.647158560347109,False,False,False,False,False,False
No.39WT,574,9.206461087471784,7.799121403618907,False,False,False,False,False,False
No.39WT,575,5.182838822333604,11.12379674909091,False,False,False,False,False,False
No.39WT,576,11.580689042597873,12.67466587224373,False,True,True,False,False,False
No.39WT,577,8.672457022471079,11.106036838340845,False,False,False,False,False,False
No.39WT,578,8.84327652206891,10.324689737737721,False,False,False,False,False,False
No.39WT,579,8.727263139601927,10.779772675682288,False,False,False,False,False,False
No.39WT,580,8.545667129267962,10.388689403857514,False,False,False,False,False,False
No.39WT,581,11.720175009126704,12.435240660016202,False,True,True,False,False,False
No.39WT,582,9.816640635469321,11.85941098212048,False,False,False,False,False,False
No.39WT,583,11.581562804192345,9.375184886778198,False,False,False,False,False,False
No.39WT,584,8.240907329388563,12.944495771232857,False,True,True,False,False,False
No.39WT,585,10.51944092278642,11.045137396163499,False,False,False,False,False,False
No.39WT,586,8.948340333769657,16.37047142961981,False,True,True,False,False,False
No.39WT,587,7.559505771664838,16.779360438812432,False,True,True,False,False,False
No.39WT,588,9.218914027365976,14.636809487169328,False,True,True,False,False,False
No.39WT,589,5.803357860152295,11.051744544670273,False,False,False,False,False,False
No.39WT,590,7.558445783842977,13.270441970705718,False,True,True,False,False,False
No.39WT,591,9.252065843413737,8.479157734111466,False,False,False,False,False,False
No.39WT,592,7.3558680557626435,12.307717206476857,False,True,True,False,False,False
No.39WT,593,7.405094821117945,10.575736895686713,False,False,False,False,False,False
No.39WT,594,9.523063460865014,8.761763131946442,False,False,False,False,False,False
No.39WT,595,7.768940687806924,8.0609452851741,False,False,False,False,False,False
No.39WT,596,9.44751822527579,7.793479432999273,False,False,False,False,False,False
No.39WT,597,8.574700888894174,6.5049694740932935,False,False,False,False,False,False
No.39WT,598,12.197001986785953,6.767133606567147,False,False,False,False,False,False
No.39WT,599,7.790660397583825,6.914238579251103,False,False,False,False,False,False
No.39WT,600,6.317994517537425,9.279023874034698,False,False,False,False,False,False
No.39WT,601,7.974662517362147,7.336132452276702,False,False,False,False,False,False
No.39WT,602,9.059020222753652,10.709739329047727,False,False,False,False,False,False
No.39WT,603,7.108598811968673,8.61508763570907,False,False,False,False,False,False
No.39WT,604,7.48937336832508,9.938201852969513,False,False,False,False,False,False
No.39WT,605,6.4527816278791015,9.215577206665591,False,False,False,False,False,False
No.39WT,606,6.735710864801979,8.407385509241116,False,False,False,False,False,False
No.39WT,607,9.22436520642211,7.964456842241268,False,False,False,False,False,False
No.39WT,608,6.940806616809683,5.412622986898539,False,False,False,False,False,False
No.39WT,609,5.4194285387978995,7.306986793635202,False,False,False,False,False,False
No.39WT,610,8.829732055399864,5.389952253239893,False,False,False,False,False,False
No.39WT,611,6.199800076348048,7.944806418430989,False,False,False,False,False,False
No.39WT,612,11.265837339289186,11.870728003873039,False,False,False,False,False,False
No.39WT,613,7.74639764234618,7.986981095537013,False,False,False,False,False,False
No.39WT,614,6.262845487380021,12.591286443409896,False,True,True,False,False,False
No.39WT,615,7.467038301485454,10.202641935760205,False,False,False,False,False,False
No.39WT,616,5.954489586189307,6.065467131972932,False,False,False,False,False,False
No.39WT,617,7.91971742655036,6.998293147812922,False,False,False,False,False,False
No.39WT,618,5.571245523474421,6.685231695955626,False,False,False,False,False,False
No.39WT,619,8.062714827298075,6.131399091455133,False,False,False,False,False,False
No.39WT,620,6.803319797976209,7.518657189820831,False,False,False,False,False,False
No.39WT,621,8.821255154538562,6.919418276135675,False,False,False,False,False,False
No.39WT,622,7.483313554936991,10.01534862083942,False,False,False,False,False,False
No.39WT,623,6.931866237331394,8.716161572225309,False,False,False,False,False,False
No.39WT,624,7.07590609309768,9.208594188281296,False,False,False,False,False,False
No.39WT,625,8.259780421337284,9.30457076046275,False,False,False,False,False,False
No.39WT,626,6.402310239621132,7.530978972395293,False,False,False,False,False,False
No.39WT,627,8.887124938094926,10.632006465058659,False,False,False,False,False,False
No.39WT,628,7.4670179901713265,11.821581193764573,False,False,False,False,False,False
No.39WT,629,7.610199870341546,10.539680114014873,False,False,False,False,False,False
No.39WT,630,9.425350866121587,9.082449311560817,False,False,False,False,False,False
No.39WT,631,7.074770288059568,12.10153102543703,False,True,True,False,False,False
No.39WT,632,7.145823302977455,11.640934592896958,False,False,False,False,False,False
No.39WT,633,6.4655966722346525,11.224420603853936,False,False,False,False,False,False
No.39WT,634,8.811872063465504,9.295013564698142,False,False,False,False,False,False
No.39WT,635,6.983498846825696,10.32898123804686,False,False,False,False,False,False
No.39WT,636,7.535519772817768,8.303832724504447,False,False,False,False,False,False
No.39WT,637,9.255039668514188,8.591679899836587,False,False,False,False,False,False
No.39WT,638,8.456534796333965,8.38354738692828,False,False,False,False,False,False
No.39WT,639,9.045124846128896,11.594009519276534,False,False,False,False,False,False
No.39WT,640,7.069624168897664,9.254634155292587,False,False,False,False,False,False
No.39WT,641,8.910336947175551,8.552804104111685,False,False,False,False,False,False
No.39WT,642,6.924670594762872,7.437261090403514,False,False,False,False,False,False
No.39WT,643,7.131828459668162,11.232944991115948,False,False,False,False,False,False
No.39WT,644,5.186032017495203,10.994410164285082,False,False,False,False,False,False
No.39WT,645,12.042922862632793,10.422335131631204,False,False,False,False,False,False
No.39WT,646,11.72643134814027,8.91759178283887,False,False,False,False,False,False
No.39WT,647,6.092412224661296,8.488546672593067,False,False,False,False,False,False
No.39WT,648,6.705201151509904,7.486020689566777,False,False,False,False,False,False
No.39WT,649,9.258429006640212,6.708333940185892,False,False,False,False,False,False
No.39WT,650,6.578757981550024,6.93162928569804,False,False,False,False,False,False
No.39WT,651,9.055363329873291,6.439224043225574,False,False,False,False,False,False
No.39WT,652,8.657830003984289,8.85020375812865,False,False,False,False,False,False
No.39WT,653,8.715332750165432,5.897588229418425,False,False,False,False,False,False
No.39WT,654,6.50423426027243,6.791345178095418,False,False,False,False,False,False
No.39WT,655,7.522721631376495,6.2343319927046865,False,False,False,False,False,False
No.39WT,656,9.079946303432218,6.976484037592489,False,False,False,False,False,False
No.39WT,657,7.087770533674516,5.0048250449147496,False,False,False,False,False,False
No.39WT,658,10.269264999445426,6.076693896455434,False,False,False,False,False,False
No.39WT,659,9.987024195319046,7.530901056642103,False,False,False,False,False,False
No.39WT,660,7.8280213290344385,5.150752691105842,False,False,False,False,False,False
No.39WT,661,11.461209523602927,6.410501562616768,False,False,False,False,False,False
No.39WT,662,9.37196113693876,6.603267947495074,False,False,False,False,False,False
No.39WT,663,6.323110059634175,6.928912509409076,False,False,False,False,False,False
No.39WT,664,8.881036636086309,8.810751961973434,False,False,False,False,False,False
No.39WT,665,8.551188457138185,8.032179820886828,False,False,False,False,False,False
No.39WT,666,9.837269539667957,6.665041576651858,False,False,False,False,False,False
No.39WT,667,10.11423120904709,7.06004184468172,False,False,False,False,False,False
No.39WT,668,10.130630426542256,7.156328171366807,False,False,False,False,False,False
No.39WT,669,12.280388904539663,10.69928885256576,False,False,False,False,False,False
No.39WT,670,10.24277362600421,6.698276583803584,False,False,False,False,False,False
No.39WT,671,8.26122580922268,6.0943428523432335,False,False,False,False,False,False
No.39WT,672,10.546062215232705,7.090880455768742,False,False,False,False,False,False
No.39WT,673,7.874867373060972,6.200333107805993,False,False,False,False,False,False
No.39WT,674,6.950325072292228,7.121008253101779,False,False,False,False,False,False
No.39WT,675,7.001701836111989,8.861737523449637,False,False,False,False,False,False
No.39WT,676,10.56343794689106,9.072546976728608,False,False,False,False,False,False
No.39WT,677,11.469118140313018,8.224176116968447,False,False,False,False,False,False
No.39WT,678,9.156437475723425,9.589650010811075,False,False,False,False,False,False
No.39WT,679,7.9502085921437695,7.570479047625028,False,False,False,False,False,False
No.39WT,680,6.616058444648289,10.665752379062264,False,False,False,False,False,False
No.39WT,681,10.023912683813942,9.813204051848247,False,False,False,False,False,False
No.39WT,682,13.814176637208995,5.204246208843871,False,False,False,False,False,False
No.39WT,683,9.446942524927378,4.412866456978523,False,False,False,False,False,False
No.39WT,684,11.96736061985758,6.325442360446718,False,False,False,False,False,False
No.39WT,685,8.74209149757599,6.648338946079014,False,False,False,False,False,False
No.39WT,686,11.562688741360919,5.327267770120931,False,False,False,False,False,False
No.39WT,687,10.402040902962396,6.498506876575575,False,False,False,False,False,False
No.39WT,688,8.994762737136194,8.28418812578538,False,False,False,False,False,False
No.39WT,689,7.5449659180993125,7.030434790401527,False,False,False,False,False,False
No.39WT,690,5.256123477114421,11.320104396412738,False,False,False,False,False,False
No.39WT,691,5.498926748554331,10.899585414385824,False,False,False,False,False,False
No.39WT,692,7.860794659335266,8.937858568309567,False,False,False,False,False,False
No.39WT,693,7.0794805516672,5.1952905126842115,False,False,False,False,False,False
No.39WT,694,9.207834809672024,11.309860906046012,False,False,False,False,False,False
No.39WT,695,11.532776313190263,7.295405374120982,False,False,False,False,False,False
No.39WT,696,6.068406870941381,10.50675799608018,False,False,False,False,False,False
No.39WT,697,5.490049707210879,8.004680030398589,False,False,False,False,False,False
No.39WT,698,5.326477583187413,8.65516421408817,False,False,False,False,False,False
No.39WT,699,8.603701331830925,5.38379673967938,False,False,False,False,False,False
No.39WT,700,6.6179151062982005,8.611959328796068,False,False,False,False,False,False
No.39WT,701,10.237161378224412,11.13909773094481,False,False,False,False,False,False
No.39WT,702,7.293729966602306,4.967061733765142,False,False,False,False,False,False
No.39WT,703,7.100360579421007,4.816114489158072,False,False,False,False,False,False
No.39WT,704,6.651960955646112,6.041289592357542,False,False,False,False,False,False
No.39WT,705,6.322583794377997,7.767821148493481,False,False,False,False,False,False
No.39WT,706,6.617158389137545,5.639802323664384,False,False,False,False,False,False
No.39WT,707,4.684437283748332,10.378521182249377,False,False,False,False,False,False
No.39WT,708,6.74676651322445,9.373318822220929,False,False,False,False,False,False
No.39WT,709,5.398659812380886,9.423043569162783,False,False,False,False,False,False
No.39WT,710,4.630340069338841,10.838212596191976,False,False,False,False,False,False
No.39WT,711,5.196814072681158,11.710743031500375,False,False,False,False,False,False
No.39WT,712,5.125313635242236,9.113736923183275,False,False,False,False,False,False
No.39WT,713,5.04949309854784,10.531798966214023,False,False,False,False,False,False
No.39WT,714,4.157471062807688,9.968960879401347,False,False,False,False,False,False
No.39WT,715,4.746461339891601,7.131273451022907,False,False,False,False,False,False
No.39WT,716,5.004594798229195,7.201828181806266,False,False,False,False,False,False
No.39WT,717,3.6944258927810103,9.734474496850998,False,False,False,False,False,False
No.39WT,718,7.789906402845349,10.86511177248381,False,False,False,False,False,False
No.39WT,719,6.170162676448131,7.800784243136639,False,False,False,False,False,False
No.39WT,720,5.216139326943411,7.583041215122708,False,False,False,False,False,False
No.39WT,721,5.792671787114007,5.8505174398298765,False,False,False,False,False,False
No.39WT,722,5.590449119131202,6.925520741547328,False,False,False,False,False,False
No.39WT,723,5.7736391157225375,5.782979733760897,False,False,False,False,False,False
No.39WT,724,5.878204139200885,6.678311411762429,False,False,False,False,False,False
No.39WT,725,5.48787412497574,6.194952486812693,False,False,False,False,False,False
No.39WT,726,5.301492956623892,6.73358877552829,False,False,False,False,False,False
No.39WT,727,6.767839789901925,8.12259195680276,False,False,False,False,False,False
No.39WT,728,6.917313086276865,6.102677664105316,False,False,False,False,False,False
No.39WT,729,6.580327512972605,6.477065541939946,False,False,False,False,False,False
No.39WT,730,6.904240571254465,4.547225460053669,False,False,False,False,False,False
No.39WT,731,9.0384758940767,7.825007867307952,False,False,False,False,False,False
No.39WT,732,5.016269183175131,6.420103436181174,False,False,False,False,False,False
No.39WT,733,5.858382917418536,5.461086961753773,False,False,False,False,False,False
No.39WT,734,4.742059053447331,8.659994795143938,False,False,False,False,False,False
No.39WT,735,4.863667812101824,8.008446142910369,False,False,False,False,False,False
No.39WT,736,4.994418973582281,8.512997809206656,False,False,False,False,False,False
No.39WT,737,7.16159854902364,8.089594968610253,False,False,False,False,False,False
No.39WT,738,6.572348941319884,5.371422165238825,False,False,False,False,False,False
No.39WT,739,6.560198076592726,5.629094133253031,False,False,False,False,False,False
No.39WT,740,7.312235191499807,6.929079147856217,False,False,False,False,False,False
No.39WT,741,6.488485460154615,5.396489152060989,False,False,False,False,False,False
No.39WT,742,7.505550199031503,6.942067938495798,False,False,False,False,False,False
No.39WT,743,7.880394204153557,8.358622758732771,False,False,False,False,False,False
No.39WT,744,4.507222192655621,7.3672726403175455,False,False,False,False,False,False
No.39WT,745,5.162720323920223,6.895766204864764,False,False,False,False,False,False
No.39WT,746,6.270829099344754,5.94025527418986,False,False,False,False,False,False
No.39WT,747,7.33624282527727,4.739497889485466,False,False,False,False,False,False
No.39WT,748,6.113280520252278,6.920748226670986,False,False,False,False,False,False
No.39WT,749,6.493961088159011,7.623691544851613,False,False,False,False,False,False
No.39WT,750,4.686091004821891,5.699697585776873,False,False,False,False,False,False
No.39WT,751,4.617679866002197,6.581951558868256,False,False,False,False,False,False
No.39WT,752,3.9040967279363086,8.462357163686534,False,False,False,False,False,False
No.39WT,753,5.274774099065898,5.782214896603673,False,False,False,False,False,False
No.39WT,754,6.011569654551741,6.13210714331061,False,False,False,False,False,False
No.39WT,755,5.729435119961163,8.111898395806856,False,False,False,False,False,False
No.39WT,756,7.993721200017702,11.684558942328412,False,False,False,False,False,False
No.39WT,757,5.838648849838777,7.2640728346363606,False,False,False,False,False,False
No.39WT,758,6.812973481072412,5.692401390343296,False,False,False,False,False,False
No.39WT,759,7.255440287842154,5.906468900849499,False,False,False,False,False,False
No.39WT,760,6.588602753163569,6.596631350655473,False,False,False,False,False,False
No.39WT,761,5.4400651701207305,6.676208612267518,False,False,False,False,False,False
No.39WT,762,9.972057513676882,9.387030699905788,False,False,False,False,False,False
No.39WT,763,6.657790150039136,7.781631866687323,False,False,False,False,False,False
No.39WT,764,5.263713853354302,10.705024074967794,False,False,False,False,False,False
No.39WT,765,6.413302527882479,8.018213184268825,False,False,False,False,False,False
No.39WT,766,5.078452405694664,8.514702856985625,False,False,False,False,False,False
No.39WT,767,8.651621470662018,14.476349736841145,False,True,True,False,False,False
No.39WT,768,4.337469239034158,13.188687041225613,False,True,True,False,False,False
No.39WT,769,4.6740995393667175,12.130242047112603,False,True,True,False,False,False
No.39WT,770,6.689869198435399,5.877771606055114,False,False,False,False,False,False
No.39WT,771,6.6947691155204305,6.497661159538245,False,False,False,False,False,False
No.39WT,772,9.204236906698366,4.744914685398157,False,False,False,False,False,False
No.39WT,773,6.540827142918109,6.493893986158674,False,False,False,False,False,False
No.39WT,774,10.38623722633269,6.607323629873917,False,False,False,False,False,False
No.39WT,775,7.522316507651503,9.2602747483832,False,False,False,False,False,False
No.39WT,776,9.100682783586347,7.404786322985086,False,False,False,False,False,False
No.39WT,777,10.098210938751505,9.25149114561193,False,False,False,False,False,False
No.39WT,778,7.0316401503924535,7.474913501016227,False,False,False,False,False,False
No.39WT,779,5.986190456538664,6.872695923498297,False,False,False,False,False,False
No.39WT,780,6.982457468550554,6.874700088356789,False,False,False,False,False,False
No.39WT,781,8.226168047294045,10.73369151514599,False,False,False,False,False,False
No.39WT,782,6.513559639022463,5.731117107922741,False,False,False,False,False,False
No.39WT,783,4.2288635097391145,7.1269885944373215,False,False,False,False,False,False
No.39WT,784,8.315474085145102,8.234128054293054,False,False,False,False,False,False
No.39WT,785,6.959617902117996,8.631975141129388,False,False,False,False,False,False
No.39WT,786,6.677350787921143,5.802185592372575,False,False,False,False,False,False
No.39WT,787,6.027301308858555,7.243100498847877,False,False,False,False,False,False
No.39WT,788,5.336681903076896,8.264584354594366,False,False,False,False,False,False
No.39WT,789,5.692469522364211,8.051489875254706,False,False,False,False,False,False
No.39WT,790,5.362439615044143,7.080392145336023,False,False,False,False,False,False
No.39WT,791,5.035232450220899,6.977328994144911,False,False,False,False,False,False
No.39WT,792,5.520475280081936,6.414876861304157,False,False,False,False,False,False
No.39WT,793,8.443959153926583,9.982492235523228,False,False,False,False,False,False
No.39WT,794,4.09032366251831,7.9330476111538,False,False,False,False,False,False
No.39WT,795,4.411951985432873,5.840508927938024,False,False,False,False,False,False
No.39WT,796,4.025551133772372,7.0562407642920215,False,False,False,False,False,False
No.39WT,797,6.241432813013763,11.431740863615486,False,False,False,False,False,False
No.39WT,798,3.7208567749004584,8.547910967673829,False,False,False,False,False,False
No.39WT,799,4.220898141348833,8.253564217386122,False,False,False,False,False,False
No.39WT,800,5.366145560697727,7.411432249600322,False,False,False,False,False,False
No.39WT,801,4.858610955838621,8.22171966727312,False,False,False,False,False,False
No.39WT,802,4.584603875628349,6.052914609054508,False,False,False,False,False,False
No.39WT,803,5.60875613768665,5.337971690937742,False,False,False,False,False,False
No.39WT,804,4.653946965854287,6.199881334857408,False,False,False,False,False,False
No.39WT,805,2.9350312866067214,8.714933126266326,False,False,False,False,False,False
No.39WT,806,4.716348238642586,6.793010122773513,False,False,False,False,False,False
No.39WT,807,3.4557504102763876,7.034866419978825,False,False,False,False,False,False
No.39WT,808,2.9058530534124234,9.075576733710491,False,False,False,False,False,False
No.39WT,809,2.9764838847866764,7.438496640787371,False,False,False,False,False,False
No.39WT,810,3.140150348609415,6.431625785248702,False,False,False,False,False,False
No.39WT,811,5.26371438907058,8.890663759762871,False,False,False,False,False,False
No.39WT,812,3.510025744211661,8.817814775484221,False,False,False,False,False,False
No.39WT,813,3.4618701839060777,7.214847521538403,False,False,False,False,False,False
No.39WT,814,3.71928228951791,6.812104809423923,False,False,False,False,False,False
No.39WT,815,3.6954510048959612,5.263909347653256,False,False,False,False,False,False
No.39WT,816,5.836693926214144,6.483256419290163,False,False,False,False,False,False
No.39WT,817,5.780994927178018,6.016057838955476,False,False,False,False,False,False
No.39WT,818,6.801008791325227,8.491785658577486,False,False,False,False,False,False
No.39WT,819,8.409535982113754,8.610560475656397,False,False,False,False,False,False
No.39WT,820,6.718333360634683,5.95909998953627,False,False,False,False,False,False
No.39WT,821,6.056949180619588,6.757960391167609,False,False,False,False,False,False
No.39WT,822,6.208406755141171,7.372721847570368,False,False,False,False,False,False
No.39WT,823,7.720647143809563,5.400467733793807,False,False,False,False,False,False
No.39WT,824,6.515841689402406,5.366033163932599,False,False,False,False,False,False
No.39WT,825,5.721665072142726,5.6495246876708585,False,False,False,False,False,False
No.39WT,826,5.302792433779271,7.280231985167299,False,False,False,False,False,False
No.39WT,827,5.436802255201089,7.3723359862522075,False,False,False,False,False,False
No.39WT,828,5.069994097566845,6.224817759537646,False,False,False,False,False,False
No.39WT,829,7.4165286347113115,7.226530599466722,False,False,False,False,False,False
No.39WT,830,6.525173977273315,7.585722945008456,False,False,False,False,False,False
No.39WT,831,4.879522912135794,7.207105218985695,False,False,False,False,False,False
No.39WT,832,5.063678644827602,7.316405527242605,False,False,False,False,False,False
No.39WT,833,7.466128419041858,8.588511662513419,False,False,False,False,False,False
No.39WT,834,4.0961180857268,7.530488669864482,False,False,False,False,False,False
No.39WT,835,3.224071512326502,8.730564673625501,False,False,False,False,False,False
No.39WT,836,4.008903960444341,12.085782745592024,False,True,True,False,False,False
No.39WT,837,2.719790126595905,9.807610701317676,False,False,False,False,False,False
No.39WT,838,4.599040802272033,6.723544725672693,False,False,False,False,False,False
No.39WT,839,3.6815186843343723,6.80194308477917,False,False,False,False,False,False
No.39WT,840,3.3718036635500086,7.560692195479186,False,False,False,False,False,False
No.39WT,841,3.60421688931961,7.505690009899831,False,False,False,False,False,False
No.39WT,842,4.898718042694824,6.274770103250206,False,False,False,False,False,False
No.39WT,843,4.37505718685,5.73648457870365,False,False,False,False,False,False
No.39WT,844,4.645170705654792,5.257181706351121,False,False,False,False,False,False
No.39WT,845,4.5099906277565145,7.019167387667231,False,False,False,False,False,False
No.39WT,846,4.482685429377599,6.074948541777832,False,False,False,False,False,False
No.39WT,847,4.698515840237051,6.1993793357952125,False,False,False,False,False,False
No.39WT,848,4.001504753138494,6.932472899101224,False,False,False,False,False,False
No.39WT,849,6.134751407430446,5.651781288792646,False,False,False,False,False,False
No.39WT,850,6.347567060324943,8.178398000782376,False,False,False,False,False,False
No.39WT,851,8.540951473812381,6.8507999163428845,False,False,False,False,False,False
No.39WT,852,8.784321690883543,7.770861959864899,False,False,False,False,False,False
No.39WT,853,4.711647712461905,8.92276255876471,False,False,False,False,False,False
No.39WT,854,5.381920737350597,7.0300818926465265,False,False,False,False,False,False
No.39WT,855,5.854619353856751,10.130901742768453,False,False,False,False,False,False
No.39WT,856,6.248391475544757,7.870854282594087,False,False,False,False,False,False
No.39WT,857,4.413898569470834,8.680024072465855,False,False,False,False,False,False
No.39WT,858,5.419507110676578,10.070623201704752,False,False,False,False,False,False
No.39WT,859,4.9530277195317955,10.131199635609597,False,False,False,False,False,False
No.39WT,860,7.015240367317368,10.987731841471431,False,False,False,False,False,False
No.39WT,861,4.134953946724203,6.959055594151509,False,False,False,False,False,False
No.39WT,862,8.151502483918353,8.674470683005742,False,False,False,False,False,False
No.39WT,863,4.8478533018253,5.842032946214576,False,False,False,False,False,False
No.39WT,864,8.535623488330229,10.754491922296712,False,False,False,False,False,False
No.39WT,865,5.341783222961247,10.70525373125318,False,False,False,False,False,False
No.39WT,866,4.016043517114163,6.811239706470002,False,False,False,False,False,False
No.39WT,867,6.693215376636947,9.028082734642389,False,False,False,False,False,False
No.39WT,868,5.7853720197667435,6.884082213128714,False,False,False,False,False,False
No.39WT,869,4.0296822644520685,7.824502215958493,False,False,False,False,False,False
No.39WT,870,6.079074684482989,6.589624284928995,False,False,False,False,False,False
No.39WT,871,4.220425289382226,6.223265441371522,False,False,False,False,False,False
No.39WT,872,5.840028403834847,9.188694007120326,False,False,False,False,False,False
No.39WT,873,5.279165474396458,9.334441373857704,False,False,False,False,False,False
No.39WT,874,5.3177947105109515,7.756081530313045,False,False,False,False,False,False
No.39WT,875,4.100025310113185,7.557695299560907,False,False,False,False,False,False
No.39WT,876,3.297662429254628,7.437475165128698,False,False,False,False,False,False
No.39WT,877,3.1713557668901284,7.3823271356597315,False,False,False,False,False,False
No.39WT,878,3.1141497295467646,6.780087698047122,False,False,False,False,False,False
No.39WT,879,3.040179376803713,11.284153991400766,False,False,False,False,False,False
No.39WT,880,8.394278799437707,12.312135831747558,False,True,True,False,False,False
No.39WT,881,6.634078692923202,10.432228975250387,False,False,False,False,False,False
No.39WT,882,3.092027225708732,13.377002674275072,False,True,True,False,False,False
No.39WT,883,2.2397592801872652,13.80602867657274,False,True,True,False,False,False
No.39WT,884,3.2715842792663885,15.479112500273203,False,True,True,False,False,False
No.39WT,885,3.3891470376038764,16.436041934493836,False,True,True,False,False,False
No.39WT,886,2.9751943129892795,17.19030056829857,False,True,True,False,False,False
No.39WT,887,3.281214305562619,11.053348052255037,False,False,False,False,False,False
No.39WT,888,6.238693756156105,8.600721774180068,False,False,False,False,False,False
No.39WT,889,2.514344887324465,9.35468212782398,False,False,False,False,False,False
No.39WT,890,4.400440985139508,12.617926048683325,False,True,True,False,False,False
No.39WT,891,2.399861205213037,10.641963530500478,False,False,False,False,False,False
No.39WT,892,3.1246517268587266,11.66774587029439,False,False,False,False,False,False
No.39WT,893,3.733195904144045,8.428168392684658,False,False,False,False,False,False
No.39WT,894,3.2009887706706044,8.899284674317663,False,False,False,False,False,False
No.39WT,895,6.552419360218957,15.474821818672382,False,True,True,False,False,False
No.39WT,896,2.6623972199520067,7.511361677022264,False,False,False,False,False,False
No.39WT,897,4.958860844076835,10.467146381158173,False,False,False,False,False,False
No.39WT,898,2.808099300462219,8.193714326019382,False,False,False,False,False,False
No.39WT,899,3.86542880165163,12.546046099022448,False,True,True,False,False,False
No.39WT,900,4.400488494989754,10.078297240047231,False,False,False,False,False,False
No.39WT,901,4.790631003615868,16.166985416191668,False,True,True,False,False,False
No.39WT,902,3.0502314737789784,7.37322395241853,False,False,False,False,False,False
No.39WT,903,5.498590853284908,16.50483964002024,False,True,True,False,False,False
No.39WT,904,3.0720979880776955,9.392847025853321,False,False,False,False,False,False
No.39WT,905,4.649659311680794,8.543792892015613,False,False,False,False,False,False
No.39WT,906,4.4107562209291,11.960793623322456,False,False,False,False,False,False
No.39WT,907,7.796534162120617,5.407631553259951,False,False,False,False,False,False
No.39WT,908,2.038072505615337,9.153630507411181,False,False,False,False,False,False
No.39WT,909,4.180794363091182,6.526796459934044,False,False,False,False,False,False
No.39WT,910,7.021955333621678,7.4818004955083985,False,False,False,False,False,False
No.39WT,911,4.394839090401142,7.923350428182503,False,False,False,False,False,False
No.39WT,912,6.470580067516029,8.078750354354513,False,False,False,False,False,False
No.39WT,913,4.001570856976158,7.5457450393777075,False,False,False,False,False,False
No.39WT,914,4.506405554876943,7.577194983894323,False,False,False,False,False,False
No.39WT,915,5.90448634418577,11.226826373297646,False,False,False,False,False,False
No.39WT,916,3.8025768981329158,7.361006856441483,False,False,False,False,False,False
No.39WT,917,3.7946854022435095,12.844720760819772,False,True,True,False,False,False
No.39WT,918,2.8279736502728157,7.629966055318471,False,False,False,False,False,False
No.39WT,919,4.062949196139693,6.861250277211613,False,False,False,False,False,False
No.39WT,920,2.8962101850986026,6.155035764051973,False,False,False,False,False,False
No.39WT,921,2.530588082937414,6.191632557898725,False,False,False,False,False,False
No.39WT,922,3.50933770678336,12.468110600891794,False,True,True,False,False,False
No.39WT,923,2.272822407245116,9.317369622592679,False,False,False,False,False,False
No.39WT,924,7.566924986076855,12.055321510325697,False,False,False,False,False,False
No.39WT,925,2.6544729624637786,5.857767376960193,False,False,False,False,False,False
No.39WT,926,3.3502161736760767,5.460900937128251,False,False,False,False,False,False
No.39WT,927,5.820680492983987,5.1581651012044665,False,False,False,False,False,False
No.39WT,928,5.17990119162853,6.482378558575915,False,False,False,False,False,False
No.39WT,929,5.936024511017166,7.863561951676918,False,False,False,False,False,False
No.39WT,930,4.176359208643641,7.220751024615887,False,False,False,False,False,False
No.39WT,931,3.982477377026102,8.747776755389914,False,False,False,False,False,False
No.39WT,932,1.6402434936559873,6.51883802251948,False,False,False,False,False,False
No.39WT,933,6.449416949684388,8.350535646707375,False,False,False,False,False,False
No.39WT,934,2.648316997231093,6.283455678333384,False,False,False,False,False,False
No.39WT,935,2.6080179092323466,6.974793213191376,False,False,False,False,False,False
No.39WT,936,3.185130769736021,7.503888735956161,False,False,False,False,False,False
No.39WT,937,1.9318573832127168,6.89324556887137,False,False,False,False,False,False
No.39WT,938,3.317115801642938,8.641212234929444,False,False,False,False,False,False
No.39WT,939,3.8649963371231393,9.03426559855017,False,False,False,False,False,False
No.39WT,940,5.128447519599749,8.578778593163053,False,False,False,False,False,False
No.39WT,941,2.242062023977158,6.753603618970727,False,False,False,False,False,False
No.39WT,942,5.5009119754949785,6.385346377078882,False,False,False,False,False,False
No.39WT,943,7.27603752721897,9.77848808173141,False,False,False,False,False,False
No.39WT,944,5.90670748833444,6.80264119443035,False,False,False,False,False,False
No.39WT,945,3.1055101829140774,5.436352494925643,False,False,False,False,False,False
No.39WT,946,5.42073776337779,6.121742441508411,False,False,False,False,False,False
No.39WT,947,2.390344543646362,6.54963672931279,False,False,False,False,False,False
No.39WT,948,4.284692861883609,9.188336441971956,False,False,False,False,False,False
No.39WT,949,3.6999902166414307,7.125043942340659,False,False,False,False,False,False
No.39WT,950,5.232751868260312,7.811879493573469,False,False,False,False,False,False
No.39WT,951,6.39564448954824,7.716712135461436,False,False,False,False,False,False
No.39WT,952,9.137770206138208,5.940790564245382,False,False,False,False,False,False
No.39WT,953,4.798265993644061,6.2016392105085805,False,False,False,False,False,False
No.39WT,954,4.2020081357383985,5.280604249071167,False,False,False,False,False,False
No.39WT,955,5.036009628961721,5.592797978781398,False,False,False,False,False,False
No.39WT,956,3.09298255503623,5.244940218881536,False,False,False,False,False,False
No.39WT,957,6.415048154639244,9.751460387217906,False,False,False,False,False,False
No.39WT,958,5.903590058699099,8.480594837693094,False,False,False,False,False,False
No.39WT,959,7.418697386373113,5.506261855892941,False,False,False,False,False,False
No.39WT,960,4.45346227028671,5.867229041162519,False,False,False,False,False,False
No.39WT,961,4.928858271334294,8.260263584019217,False,False,False,False,False,False
No.39WT,962,4.2761169047746375,10.213786932748352,False,False,False,False,False,False
No.39WT,963,4.003915691786471,7.595877338490018,False,False,False,False,False,False
No.39WT,964,2.786509489753466,5.3405408377862225,False,False,False,False,False,False
No.39WT,965,4.455598537112373,5.931342645196949,False,False,False,False,False,False
No.39WT,966,4.979976711322842,6.380113968828035,False,False,False,False,False,False
No.39WT,967,6.58390379806762,6.980984373224264,False,False,False,False,False,False
No.39WT,968,3.1228883893828976,6.491848427860646,False,False,False,False,False,False
No.39WT,969,3.9590931839128705,6.424637927824419,False,False,False,False,False,False
No.39WT,970,3.3214467463120814,7.435216049698459,False,False,False,False,False,False
No.39WT,971,4.645160099553778,5.808940126708978,False,False,False,False,False,False
No.39WT,972,4.160222981664771,5.116006002712841,False,False,False,False,False,False
No.39WT,973,2.961326838736623,5.241839960690485,False,False,False,False,False,False
No.39WT,974,4.1606431972430125,5.410572481916392,False,False,False,False,False,False
No.39WT,975,3.597520937116722,6.135279755771386,False,False,False,False,False,False
No.39WT,976,4.840588027423577,10.526719628901628,False,False,False,False,False,False
No.39WT,977,2.770021417046429,6.262879632129181,False,False,False,False,False,False
No.39WT,978,3.129337832306155,6.9445762345894355,False,False,False,False,False,False
No.39WT,979,3.6548320969781,7.927233798893581,False,False,False,False,False,False
No.39WT,980,5.968955139889374,8.595285057837808,False,False,False,False,False,False
No.39WT,981,1.9958837204878896,9.846710225813826,False,False,False,False,False,False
No.39WT,982,3.8895247894823184,9.230300737980828,False,False,False,False,False,False
No.39WT,983,2.7252006942126163,6.696085457379729,False,False,False,False,False,False
No.39WT,984,1.8843755696940823,10.03957875338255,False,False,False,False,False,False
No.39WT,985,2.0368049333946265,9.955418906291605,False,False,False,False,False,False
No.39WT,986,1.413994983787712,7.750067954439387,False,False,False,False,False,False
No.39WT,987,1.537000598030164,10.024034346227195,False,False,False,False,False,False
No.39WT,988,2.588182201344771,10.955744472463252,False,False,False,False,False,False
No.39WT,989,1.4559970941389049,7.014711329348669,False,False,False,False,False,False
No.39WT,990,3.2558238312413423,5.185147569153209,False,False,False,False,False,False
No.39WT,991,3.2123223328937867,5.509240827203932,False,False,False,False,False,False
No.39WT,992,3.1139361761945348,5.199509260121644,False,False,False,False,False,False
No.39WT,993,2.4041728116040035,10.003020033028351,False,False,False,False,False,False
No.39WT,994,3.383219967153167,6.9976251340231705,False,False,False,False,False,False
No.39WT,995,3.0553655699344757,5.646828528951401,False,False,False,False,False,False
No.39WT,996,3.175666573926399,11.576309194919219,False,False,False,False,False,False
No.39WT,997,2.681417041798841,9.412442510049106,False,False,False,False,False,False
No.39WT,998,2.716494734714789,9.81674477877536,False,False,False,False,False,False
No.39WT,999,3.958295303203216,7.552706129499006,False,False,False,False,False,False
No.39WT,1000,3.5983680268024987,7.378656998130176,False,False,False,False,False,False
No.39WT,1001,3.0972123903068955,7.684375611848168,False,False,False,False,False,False
No.39WT,1002,5.419257505905689,11.694358178943203,False,False,False,False,False,False
No.39WT,1003,3.1574395449983053,7.164048746657198,False,False,False,False,False,False
No.39WT,1004,4.205383522684799,5.300818739886722,False,False,False,False,False,False
No.39WT,1005,3.717725571774651,8.064238724181262,False,False,False,False,False,False
No.39WT,1006,6.787682716000985,8.605278158046758,False,False,False,False,False,False
No.39WT,1007,3.490750600654751,5.526964733669281,False,False,False,False,False,False
No.39WT,1008,2.792823221899609,5.069966417386567,False,False,False,False,False,False
No.39WT,1009,3.739705795819826,5.499699214177983,False,False,False,False,False,False
No.39WT,1010,4.066935184245574,5.892421945805296,False,False,False,False,False,False
No.39WT,1011,4.508881235188347,5.415442506049641,False,False,False,False,False,False
No.39WT,1012,3.9560597385999032,10.602939902194407,False,False,False,False,False,False
No.39WT,1013,2.4848406504775467,9.151343314462784,False,False,False,False,False,False
No.39WT,1014,3.9596960076480885,6.519519080297301,False,False,False,False,False,False
No.39WT,1015,3.142294324196857,5.487872314910415,False,False,False,False,False,False
No.39WT,1016,3.884420775287282,6.450168166871007,False,False,False,False,False,False
No.39WT,1017,2.9514128733166114,5.349839344455098,False,False,False,False,False,False
No.39WT,1018,3.7951937199168753,5.888332415039069,False,False,False,False,False,False
No.39WT,1019,3.774814497423959,6.099106816520979,False,False,False,False,False,False
No.39WT,1020,3.836215872191222,6.362060452378971,False,False,False,False,False,False
No.39WT,1021,3.274346484956632,7.075859784482171,False,False,False,False,False,False
No.39WT,1022,2.7191566166744376,7.586350960271952,False,False,False,False,False,False
No.39WT,1023,2.7280441390865504,8.67111254188174,False,False,False,False,False,False
No.39WT,1024,4.658056085595546,6.086526328895901,False,False,False,False,False,False
No.39WT,1025,4.477454949299785,6.20503539737129,False,False,False,False,False,False
No.39WT,1026,3.4801309495101846,5.828230695035668,False,False,False,False,False,False
No.39WT,1027,3.12573426291949,6.472710248793453,False,False,False,False,False,False
No.39WT,1028,4.622483339797945,5.7780907205534895,False,False,False,False,False,False
No.39WT,1029,2.6377770462937185,7.910049664143077,False,False,False,False,False,False
No.39WT,1030,2.1892534562569663,5.521741691196554,False,False,False,False,False,False
No.39WT,1031,3.084512504954066,5.285462042151239,False,False,False,False,False,False
No.39WT,1032,2.99841214794398,5.4607783435161465,False,False,False,False,False,False
No.39WT,1033,5.586233884156551,7.412492004049441,False,False,False,False,False,False
No.39WT,1034,3.4277438689811226,7.681959404578364,False,False,False,False,False,False
No.39WT,1035,2.8037006463499945,7.274031557851344,False,False,False,False,False,False
No.39WT,1036,3.886801656543903,7.63219567554878,False,False,False,False,False,False
No.39WT,1037,3.2615464415663507,6.815909651126863,False,False,False,False,False,False
No.39WT,1038,3.365516690368809,8.082640871035798,False,False,False,False,False,False
No.39WT,1039,3.3447475198064183,8.801900391057792,False,False,False,False,False,False
No.39WT,1040,4.525537768318188,9.0801006537914,False,False,False,False,False,False
No.39WT,1041,3.7574511113914624,7.395332474723358,False,False,False,False,False,False
No.39WT,1042,6.215507666896648,7.931333326968889,False,False,False,False,False,False
No.39WT,1043,3.8872088178873976,7.128188558521239,False,False,False,False,False,False
No.39WT,1044,4.3143881759224945,8.142580904447353,False,False,False,False,False,False
No.39WT,1045,3.1531777068239393,8.548094901420574,False,False,False,False,False,False
No.39WT,1046,3.4684344888521363,5.921943743479027,False,False,False,False,False,False
No.39WT,1047,3.8064434599245565,5.20813980695662,False,False,False,False,False,False
No.39WT,1048,3.2968948907071303,9.342197287874527,False,False,False,False,False,False
No.39WT,1049,3.3467161350117944,6.6313102861352435,False,False,False,False,False,False
No.39WT,1050,1.6035720417113435,6.83975331659711,False,False,False,False,False,False
No.39WT,1051,2.8681101788416816,6.817086329835271,False,False,False,False,False,False
No.39WT,1052,1.8818384913079622,7.958763475201162,False,False,False,False,False,False
No.39WT,1053,1.8258566208815958,8.673164046463032,False,False,False,False,False,False
No.39WT,1054,2.4936466606800893,7.0541997378278145,False,False,False,False,False,False
No.39WT,1055,2.4100701502691892,9.178937563063288,False,False,False,False,False,False
No.39WT,1056,2.472003479224469,8.018773415575442,False,False,False,False,False,False
No.39WT,1057,2.4181435320655384,7.969724554346857,False,False,False,False,False,False
No.39WT,1058,2.0107085642147426,13.46307001846945,False,True,True,False,False,False
No.39WT,1059,1.760908381895011,11.114153812553775,False,False,False,False,False,False
No.39WT,1060,2.613086794808902,9.29248473973353,False,False,False,False,False,False
No.39WT,1061,3.0816304627869777,5.631506632600287,False,False,False,False,False,False
No.39WT,1062,3.2055909166002117,9.073087787564498,False,False,False,False,False,False
No.39WT,1063,4.5247135519551005,10.365039698590728,False,False,False,False,False,False
No.39WT,1064,3.881428868065504,9.617853909919491,False,False,False,False,False,False
No.39WT,1065,3.4540348075467135,8.469177745972264,False,False,False,False,False,False
No.39WT,1066,9.973069192119745,11.188573624950275,False,False,False,False,False,False
No.39WT,1067,1.4820667126933325,10.197017639770099,False,False,False,False,False,False
No.39WT,1068,3.3858117582613216,8.02715522527115,False,False,False,False,False,False
No.39WT,1069,1.8305970861168803,7.1042096625811695,False,False,False,False,False,False
No.39WT,1070,2.0931825816781386,9.096370053932866,False,False,False,False,False,False
No.39WT,1071,2.0481323116636077,6.969562319674403,False,False,False,False,False,False
No.39WT,1072,4.346930053715099,7.3095774671513825,False,False,False,False,False,False
No.39WT,1073,2.200341101779164,9.006286042285495,False,False,False,False,False,False
No.39WT,1074,4.770144948835112,7.506644045383469,False,False,False,False,False,False
No.39WT,1075,2.8200930680869476,7.575758135871989,False,False,False,False,False,False
No.39WT,1076,3.7469280867849943,7.218050061205394,False,False,False,False,False,False
No.39WT,1077,2.8278389668436867,8.4348790013998,False,False,False,False,False,False
No.39WT,1078,4.43394613605783,9.46564721278711,False,False,False,False,False,False
No.39WT,1079,4.870460667663568,6.130535647502915,False,False,False,False,False,False
No.39WT,1080,4.227375661811103,5.701459334173628,False,False,False,False,False,False
No.39WT,1081,4.186216574291722,9.594698624309052,False,False,False,False,False,False
No.39WT,1082,3.4914634207248922,9.145642120590777,False,False,False,False,False,False
No.39WT,1083,4.482227055076307,6.3283348900634895,False,False,False,False,False,False
No.39WT,1084,4.256929082171081,7.156522992766909,False,False,False,False,False,False
No.39WT,1085,11.331210224980918,7.0268847148515405,False,False,False,False,False,False
No.39WT,1086,5.962553700048476,7.7957867161105465,False,False,False,False,False,False
No.39WT,1087,4.771831652859176,7.5298355449127,False,False,False,False,False,False
No.39WT,1088,4.710958118726547,8.41495458572567,False,False,False,False,False,False
No.39WT,1089,5.768665397465446,7.047400072301047,False,False,False,False,False,False
No.39WT,1090,6.112103089092818,8.34266406638744,False,False,False,False,False,False
No.39WT,1091,6.318717763329533,6.196657372272494,False,False,False,False,False,False
No.39WT,1092,6.705731762152641,7.711356152719173,False,False,False,False,False,False
No.39WT,1093,5.225819342946093,7.739387191598043,False,False,False,False,False,False
No.39WT,1094,5.393591705823573,6.2947359060556565,False,False,False,False,False,False
No.39WT,1095,5.515715132213314,5.772874578143568,False,False,False,False,False,False
No.39WT,1096,5.0337909386418795,7.219768902095596,False,False,False,False,False,False
No.39WT,1097,4.932830342189907,6.042285169257302,False,False,False,False,False,False
No.39WT,1098,6.596684087305268,6.193879835663295,False,False,False,False,False,False
No.39WT,1099,11.756140862064898,7.071764303585027,False,False,False,False,False,False
No.39WT,1100,9.550344134162561,5.576243678754117,False,False,False,False,False,False
No.39WT,1101,5.90925000980555,7.12077298048346,False,False,False,False,False,False
No.39WT,1102,4.406018799316677,6.118505969822833,False,False,False,False,False,False
No.39WT,1103,4.264066249838323,7.986590595077947,False,False,False,False,False,False
No.39WT,1104,6.53564989511341,6.638404433423789,False,False,False,False,False,False
No.39WT,1105,4.248453043600255,7.000817559717365,False,False,False,False,False,False
No.39WT,1106,5.504973093181925,7.352772916891004,False,False,False,False,False,False
No.39WT,1107,6.123404561905916,6.431956666291198,False,False,False,False,False,False
No.39WT,1108,4.388975211498527,9.258964256513565,False,False,False,False,False,False
No.39WT,1109,7.010027373909749,8.2839209509986,False,False,False,False,False,False
No.39WT,1110,7.7231154188180415,7.8178589410762,False,False,False,False,False,False
No.39WT,1111,8.056940248665718,5.934411312967419,False,False,False,False,False,False
No.39WT,1112,9.192881302126581,8.911646002640243,False,False,False,False,False,False
No.39WT,1113,5.774003895653799,5.743445920938946,False,False,False,False,False,False
No.39WT,1114,6.590834876351981,8.485120508148594,False,False,False,False,False,False
No.39WT,1115,8.086720346480476,6.728999391622777,False,False,False,False,False,False
No.39WT,1116,3.9211212240875395,6.726038300410737,False,False,False,False,False,False
No.39WT,1117,7.358078709481909,12.2192243211086,False,True,True,False,False,False
No.39WT,1118,6.456714022951514,11.44593714186419,False,False,False,False,False,False
No.39WT,1119,8.118247944924919,7.86566195043946,False,False,False,False,False,False
No.39WT,1120,6.862222458642207,9.63458662108902,False,False,False,False,False,False
No.39WT,1121,8.380814670447233,7.128114715039835,False,False,False,False,False,False
No.39WT,1122,6.159669483303104,6.815956030464562,False,False,False,False,False,False
No.39WT,1123,4.880507941865417,7.702189857157432,False,False,False,False,False,False
No.39WT,1124,4.007543634291991,6.435476788508441,False,False,False,False,False,False
No.39WT,1125,4.223842359691558,5.880509685718132,False,False,False,False,False,False
No.39WT,1126,6.468448447230403,7.206982167568605,False,False,False,False,False,False
No.39WT,1127,7.04385265401296,8.687748938135103,False,False,False,False,False,False
No.39WT,1128,3.3693561314206146,8.067800645320702,False,False,False,False,False,False
No.39WT,1129,4.34202594784559,7.268906476591218,False,False,False,False,False,False
No.39WT,1130,7.171834773807634,7.612688757089777,False,False,False,False,False,False
No.39WT,1131,5.5493852254181935,6.971410691742965,False,False,False,False,False,False
No.39WT,1132,4.697169032425413,5.641764815549056,False,False,False,False,False,False
No.39WT,1133,3.4823934545117354,10.011422972679751,False,False,False,False,False,False
No.39WT,1134,4.822053500137817,6.424859450765643,False,False,False,False,False,False
No.39WT,1135,9.094373974649727,7.1769865047923265,False,False,False,False,False,False
No.39WT,1136,7.20543726761036,6.705369370706075,False,False,False,False,False,False
No.39WT,1137,6.2115517656878465,8.67005304307482,False,False,False,False,False,False
No.39WT,1138,3.4825233755441865,7.5393015413924624,False,False,False,False,False,False
No.39WT,1139,7.40521047111935,10.624252577212927,False,False,False,False,False,False
No.39WT,1140,2.4015523827166576,7.523533555568485,False,False,False,False,False,False
No.39WT,1141,4.279994954052432,7.597139117519212,False,False,False,False,False,False
No.39WT,1142,1.4811532101858025,8.843804038397677,False,False,False,False,False,False
No.39WT,1143,3.0020788659131092,8.269281853292172,False,False,False,False,False,False
No.39WT,1144,5.66998544043064,7.52314554441459,False,False,False,False,False,False
No.39WT,1145,1.8363796238535026,12.157655931200969,False,True,True,False,False,False
No.39WT,1146,4.163302654221681,11.024233360232131,False,False,False,False,False,False
No.39WT,1147,2.9809806861051795,11.19413620816954,False,False,False,False,False,False
No.39WT,1148,1.9473887712220197,8.947683638568321,False,False,False,False,False,False
No.39WT,1149,3.900504155660749,10.850655621138577,False,False,False,False,False,False
No.39WT,1150,2.0682171404709955,10.476958936829346,False,False,False,False,False,False
No.39WT,1151,2.728189004340356,10.735671554815161,False,False,False,False,False,False
No.39WT,1152,1.7904131152318201,7.062891196873622,False,False,False,False,False,False
No.39WT,1153,2.750603247783226,9.151885332877457,False,False,False,False,False,False
No.39WT,1154,2.5296153457677995,5.990934199940504,False,False,False,False,False,False
No.39WT,1155,4.613068731546423,7.2559811956684035,False,False,False,False,False,False
No.39WT,1156,2.040433896810087,11.100018991575462,False,False,False,False,False,False
No.39WT,1157,2.0916068405432355,10.277722366804893,False,False,False,False,False,False
No.39WT,1158,2.4481751413414767,10.560201544743846,False,False,False,False,False,False
No.39WT,1159,3.6501021678526526,6.996214778508139,False,False,False,False,False,False
No.39WT,1160,2.886595166406372,9.608092507853163,False,False,False,False,False,False
No.39WT,1161,1.9844328294876856,8.821310490968441,False,False,False,False,False,False
No.39WT,1162,2.399821399586119,6.130230922131199,False,False,False,False,False,False
No.39WT,1163,2.971904132238287,8.01168657520751,False,False,False,False,False,False
No.39WT,1164,1.498001250824561,8.551145605495709,False,False,False,False,False,False
No.39WT,1165,2.0140658979306783,7.056114709443625,False,False,False,False,False,False
No.39WT,1166,3.221815628471113,12.849913165650849,False,True,True,False,False,False
No.39WT,1167,2.10631918222255,8.12091700911457,False,False,False,False,False,False
No.39WT,1168,1.7758682319898915,8.18554724904464,False,False,False,False,False,False
No.39WT,1169,3.510701559246552,9.077751099743185,False,False,False,False,False,False
No.39WT,1170,2.932132482175308,8.071674386497783,False,False,False,False,False,False
No.39WT,1171,3.1284747835427833,7.72624346201944,False,False,False,False,False,False
No.39WT,1172,2.85183895985495,6.843361256115659,False,False,False,False,False,False
No.39WT,1173,3.6773590003422423,8.276343737317214,False,False,False,False,False,False
No.39WT,1174,5.096853422802527,12.893791133960564,False,True,True,False,False,False
No.39WT,1175,5.330382717340918,7.574281872446782,False,False,False,False,False,False
No.39WT,1176,3.7844898860331857,11.29131977974473,False,False,False,False,False,False
No.39WT,1177,1.896060978472171,8.039699133775212,False,False,False,False,False,False
No.39WT,1178,2.9619324187194445,8.905915729903688,False,False,False,False,False,False
No.39WT,1179,2.714332950841028,8.727867384120223,False,False,False,False,False,False
No.39WT,1180,4.179814518335991,9.408586223174707,False,False,False,False,False,False
No.39WT,1181,2.9910094534699403,8.158075627323262,False,False,False,False,False,False
No.39WT,1182,6.770501908182615,7.112166176271501,False,False,False,False,False,False
No.39WT,1183,3.164691447936181,9.705129627207,False,False,False,False,False,False
No.39WT,1184,3.252616815985495,9.390954166942626,False,False,False,False,False,False
No.39WT,1185,2.309947181712521,7.501453727279483,False,False,False,False,False,False
No.39WT,1186,5.253176045383276,8.78921931800839,False,False,False,False,False,False
No.39WT,1187,2.499086965952649,7.618252366860437,False,False,False,False,False,False
No.39WT,1188,6.130620520439869,9.416162950142533,False,False,False,False,False,False
No.39WT,1189,2.279310944200498,6.443968559491577,False,False,False,False,False,False
No.39WT,1190,3.490187716635851,8.463113131336899,False,False,False,False,False,False
No.39WT,1191,5.374356262337521,6.704471621061417,False,False,False,False,False,False
No.39WT,1192,3.5310100584089477,6.554491756429765,False,False,False,False,False,False
No.39WT,1193,4.811111131701949,9.634019344249571,False,False,False,False,False,False
No.39WT,1194,3.0952846763021737,6.223630563741402,False,False,False,False,False,False
No.39WT,1195,1.8602083816124435,6.46859399380746,False,False,False,False,False,False
No.39WT,1196,2.2727076153639443,6.804296882063454,False,False,False,False,False,False
No.39WT,1197,3.665306002973343,12.050118909322151,False,False,False,False,False,False
No.39WT,1198,3.692554082502595,9.151651909302213,False,False,False,False,False,False
No.39WT,1199,3.3496867306051166,8.219699214327504,False,False,False,False,False,False
No.39WT,1200,2.8327727308988457,6.25399409611063,False,False,False,False,False,False
No.39WT,1201,5.908754230837151,6.10529501335057,False,False,False,False,False,False
No.39WT,1202,3.4510769407824293,7.067993278327884,False,False,False,False,False,False
No.39WT,1203,2.364194442110703,6.806009941901518,False,False,False,False,False,False
No.39WT,1204,6.993483495804772,8.213582119032797,False,False,False,False,False,False
No.39WT,1205,4.736001145284941,7.352411342968193,False,False,False,False,False,False
No.39WT,1206,3.2432535234873248,6.149604919104998,False,False,False,False,False,False
No.39WT,1207,3.9211226524018845,5.908114229540793,False,False,False,False,False,False
No.39WT,1208,4.857340767513309,7.808132977691873,False,False,False,False,False,False
No.39WT,1209,3.773374332132433,8.428354847978094,False,False,False,False,False,False
No.39WT,1210,3.75642997797276,6.270795584237973,False,False,False,False,False,False
No.39WT,1211,5.505546633686177,9.494733736412613,False,False,False,False,False,False
No.39WT,1212,4.066805189931329,9.382014584027447,False,False,False,False,False,False
No.39WT,1213,4.399330152716675,7.307035815002546,False,False,False,False,False,False
No.39WT,1214,6.159336662965131,12.75443940452543,False,True,True,False,False,False
No.39WT,1215,7.017711910095905,5.9689796760613065,False,False,False,False,False,False
No.39WT,1216,4.107862570680798,7.074588755057122,False,False,False,False,False,False
No.39WT,1217,7.133027838384015,7.403606412929762,False,False,False,False,False,False
No.39WT,1218,4.247174644673843,6.806608898084921,False,False,False,False,False,False
No.39WT,1219,10.832274146416239,6.409750411931697,False,False,False,False,False,False
No.39WT,1220,6.018990649961203,8.449883777852827,False,False,False,False,False,False
No.39WT,1221,4.797206708498354,10.603020358804287,False,False,False,False,False,False
No.39WT,1222,6.949241599925488,10.48145385246432,False,False,False,False,False,False
No.39WT,1223,10.921756990257613,6.772337498947577,False,False,False,False,False,False
No.39WT,1224,10.372691177725274,12.817100049936201,False,True,True,False,False,False
No.39WT,1225,10.057007725854126,8.70440674538106,False,False,False,False,False,False
No.39WT,1226,6.31261728490383,6.691526378672795,False,False,False,False,False,False
No.39WT,1227,4.7207568242147975,7.726837577217161,False,False,False,False,False,False
No.39WT,1228,7.057241675076332,6.718815857254441,False,False,False,False,False,False
No.39WT,1229,5.862399658066281,11.077194504149457,False,False,False,False,False,False
No.39WT,1230,3.824332624166595,9.202085558320928,False,False,False,False,False,False
No.39WT,1231,4.510432512231213,14.317848090803617,False,True,True,False,False,False
No.39WT,1232,5.804160308596119,11.545650389322896,False,False,False,False,False,False
No.39WT,1233,7.691496619321297,10.344950350798323,False,False,False,False,False,False
No.39WT,1234,1.0510405471220978,11.767905589250288,False,False,False,False,False,False
No.39WT,1235,4.873771078081025,8.514359060736275,False,False,False,False,False,False
No.39WT,1236,7.34077002111747,8.66610332675228,False,False,False,False,False,False
No.39WT,1237,5.269238113587596,9.64508011966964,False,False,False,False,False,False
No.39WT,1238,5.097903155558181,6.367699604776815,False,False,False,False,False,False
No.39WT,1239,4.908378250217686,7.061619099810738,False,False,False,False,False,False
No.39WT,1240,4.619712717442914,6.990063488235936,False,False,False,False,False,False
No.39WT,1241,3.5548523433222217,10.056655179944286,False,False,False,False,False,False
No.39WT,1242,2.783880210699638,6.727713688014743,False,False,False,False,False,False
No.39WT,1243,5.069089753164182,17.820768544390123,False,True,True,False,False,False
No.39WT,1244,6.4613819708813365,16.3308146444154,False,True,True,False,False,False
No.39WT,1245,3.247142017356193,10.04705216080593,False,False,False,False,False,False
No.39WT,1246,6.391643235616034,6.149592402383511,False,False,False,False,False,False
No.39WT,1247,3.142167878355409,7.229168204658477,False,False,False,False,False,False
No.39WT,1248,2.891517902830836,12.051286239750558,False,False,False,False,False,False
No.39WT,1249,5.278206164170396,7.488931341381188,False,False,False,False,False,False
No.39WT,1250,6.966020056560779,5.775705399174875,False,False,False,False,False,False
No.39WT,1251,4.507532741657917,12.214898513493068,False,True,True,False,False,False
No.39WT,1252,4.431700156174125,12.211333144064017,False,True,True,False,False,False
No.39WT,1253,3.5561043394623266,13.433918878331378,False,True,True,False,False,False
No.39WT,1254,2.5766888660563385,11.157204789730242,False,False,False,False,False,False
No.39WT,1255,5.399348785759782,8.11223516937758,False,False,False,False,False,False
No.39WT,1256,4.769339259189809,10.128543641772602,False,False,False,False,False,False
No.39WT,1257,6.961960082718075,6.138875884804245,False,False,False,False,False,False
No.39WT,1258,3.9066120348164897,10.889497721574434,False,False,False,False,False,False
No.39WT,1259,3.9045053405072627,7.890374456833894,False,False,False,False,False,False
No.39WT,1260,8.261543758254525,7.711924617876709,False,False,False,False,False,False
No.39WT,1261,6.449043706297716,7.987834135510713,False,False,False,False,False,False
No.39WT,1262,7.898966129950844,7.053098144358877,False,False,False,False,False,False
No.39WT,1263,6.303359015486919,6.156914615383527,False,False,False,False,False,False
No.39WT,1264,6.179869273726654,10.672434896912142,False,False,False,False,False,False
No.39WT,1265,8.152892190661618,6.5397544086072426,False,False,False,False,False,False
No.39WT,1266,5.1249193149328,6.556425517249595,False,False,False,False,False,False
No.39WT,1267,6.530450207219124,6.900243062823238,False,False,False,False,False,False
No.39WT,1268,4.609806314695021,9.029810401388124,False,False,False,False,False,False
No.39WT,1269,3.874383479791079,5.986692187231956,False,False,False,False,False,False
No.39WT,1270,10.447593351872468,5.480502064002992,False,False,False,False,False,False
No.39WT,1271,6.392412554556007,7.3364843252401934,False,False,False,False,False,False
No.39WT,1272,5.5896121420221245,9.804051890998615,False,False,False,False,False,False
No.39WT,1273,9.072230093375435,4.571435838527226,False,False,False,False,False,False
No.39WT,1274,4.636334338773925,6.980091126481486,False,False,False,False,False,False
No.39WT,1275,7.416654394731094,6.08843491372853,False,False,False,False,False,False
No.39WT,1276,7.685910148138897,8.055850233023495,False,False,False,False,False,False
No.39WT,1277,3.4767572838022796,7.362320095469541,False,False,False,False,False,False
No.39WT,1278,3.487683317609494,7.265143185787602,False,False,False,False,False,False
No.39WT,1279,8.641828621306635,7.016528695804752,False,False,False,False,False,False
No.39WT,1280,5.408190972065206,8.500447195925714,False,False,False,False,False,False
No.39WT,1281,7.313976633802271,6.128496862588103,False,False,False,False,False,False
No.39WT,1282,5.182630913253152,5.745619674760027,False,False,False,False,False,False
No.39WT,1283,5.0584264984108245,4.218785936067261,False,False,False,False,False,False
No.39WT,1284,4.434391953662019,3.916222549305215,False,False,False,False,False,False
No.39WT,1285,2.8635991628733786,6.647536166904583,False,False,False,False,False,False
No.39WT,1286,3.4086381712077194,5.848962123462793,False,False,False,False,False,False
No.39WT,1287,2.888206340266017,15.34512437367799,False,True,True,False,False,False
No.39WT,1288,5.738024547476021,9.642563890124332,False,False,False,False,False,False
No.39WT,1289,4.8286548039676696,7.324180612843997,False,False,False,False,False,False
No.39WT,1290,4.099480417718382,5.576190895275168,False,False,False,False,False,False
No.39WT,1291,4.59327956059652,12.358204008112454,False,True,True,False,False,False
No.39WT,1292,3.2932612223749445,9.10914487442344,False,False,False,False,False,False
No.39WT,1293,2.739348130913646,6.34317441739654,False,False,False,False,False,False
No.39WT,1294,3.50785562817708,7.57900567993822,False,False,False,False,False,False
No.39WT,1295,6.106547421508876,5.10535054243199,False,False,False,False,False,False
No.39WT,1296,2.5492773127559376,6.077553963278234,False,False,False,False,False,False
No.39WT,1297,4.678459379035884,5.663046353112216,False,False,False,False,False,False
No.39WT,1298,3.0585512141181055,3.4275496311820266,False,False,False,False,False,False
No.39WT,1299,3.0548305416632213,6.6923169712516,False,False,False,False,False,False
No.39WT,1300,2.2204444420636937,4.822046553857646,False,False,False,False,False,False
No.39WT,1301,2.6869518093583853,7.139263902529736,False,False,False,False,False,False
No.39WT,1302,9.572106718457192,6.882469815793686,False,False,False,False,False,False
No.39WT,1303,6.584648876236953,4.149815781555343,False,False,False,False,False,False
No.39WT,1304,8.969578553725128,6.172592302902008,False,False,False,False,False,False
No.39WT,1305,3.6530465926019975,3.100164547192375,False,False,False,False,False,False
No.39WT,1306,2.2518461523658706,2.9176488959230915,False,False,False,False,False,False
No.39WT,1307,2.993224310666302,8.75725068222682,False,False,False,False,False,False
No.39WT,1308,2.3222629646742723,3.7887593616708855,False,False,False,False,False,False
No.39WT,1309,2.847978290749811,6.038441188099248,False,False,False,False,False,False
No.39WT,1310,3.7517180103459915,4.080316675089504,False,False,False,False,False,False
No.39WT,1311,2.742318355218203,3.1133933685780315,False,False,False,False,False,False
No.39WT,1312,2.8843114341373157,3.751097926948386,False,False,False,False,False,False
No.39WT,1313,3.1950807966187336,6.113156789850398,False,False,False,False,False,False
No.39WT,1314,2.6672374324164987,3.3742106690397815,False,False,False,False,False,False
No.39WT,1315,2.4778798116393634,4.452601085875558,False,False,False,False,False,False
No.39WT,1316,2.630760949781196,2.7789693199059062,False,False,False,False,False,False
No.39WT,1317,3.0889402180961603,2.5381078975939486,False,False,False,False,False,False
No.39WT,1318,3.5353485553538375,5.371466103401136,False,False,False,False,False,False
No.39WT,1319,4.637583665337611,6.069593990293441,False,False,False,False,False,False
No.39WT,1320,5.956014076040945,3.604783134375246,False,False,False,False,False,False
No.39WT,1321,2.8565201381886762,2.8788201748921276,False,False,False,False,False,False
No.39WT,1322,5.315448916012414,3.7809837343768837,False,False,False,False,False,False
No.39WT,1323,4.801044035288001,3.5526074019990523,False,False,False,False,False,False
No.39WT,1324,3.1176428056096346,3.2015522831873438,False,False,False,False,False,False
No.39WT,1325,10.484062428471784,6.17794600872309,False,False,False,False,False,False
No.39WT,1326,3.5844662691879607,7.282575349003432,False,False,False,False,False,False
No.39WT,1327,6.737270178176217,4.481108938933666,False,False,False,False,False,False
No.39WT,1328,7.020010561353034,5.663141225883983,False,False,False,False,False,False
No.39WT,1329,2.3550465386328736,2.923753516417382,False,False,False,False,False,False
No.39WT,1330,5.935147243517273,7.573644496911543,False,False,False,False,False,False
No.39WT,1331,11.189378553963993,29.305834981304766,False,True,True,False,False,False
No.39WT,1332,3.4532635132321525,7.899634492397734,False,False,False,False,False,False
No.39WT,1333,3.4015995650122854,8.485283434817791,False,False,False,False,False,False
No.39WT,1334,6.017082869518939,12.258309958096643,False,True,True,False,False,False
No.39WT,1335,6.633264629238938,4.295371434009015,False,False,False,False,False,False
No.39WT,1336,4.856449054412131,5.34477005856046,False,False,False,False,False,False
No.39WT,1337,3.7021964091941006,5.961798676132961,False,False,False,False,False,False
No.39WT,1338,3.5886602697707892,7.683407674215613,False,False,False,False,False,False
No.39WT,1339,4.885686635348021,4.85049449361019,False,False,False,False,False,False
No.39WT,1340,4.178612581179174,4.214573877558675,False,False,False,False,False,False
No.39WT,1341,5.434498374388974,5.974911668666846,False,False,False,False,False,False
No.39WT,1342,6.660870277927065,11.754952674249566,False,False,False,False,False,False
No.39WT,1343,3.8942445193890367,3.1815642982904038,False,False,False,False,False,False
No.39WT,1344,4.315607387505102,6.6367703242647975,False,False,False,False,False,False
No.39WT,1345,4.299804614879965,4.1660480723905,False,False,False,False,False,False
No.39WT,1346,3.214813599915567,3.748963257889054,False,False,False,False,False,False
No.39WT,1347,3.3394295723636467,3.2980671846359852,False,False,False,False,False,False
No.39WT,1348,7.114203894394057,4.1280660120489205,False,False,False,False,False,False
No.39WT,1349,8.431180246622237,5.183605664915679,False,False,False,False,False,False
No.39WT,1350,3.803026258665515,2.9102841954773813,False,False,False,False,False,False
No.39WT,1351,5.04157733697178,6.129423592700992,False,False,False,False,False,False
No.39WT,1352,3.7280599028022543,4.023431207046973,False,False,False,False,False,False
No.39WT,1353,4.74385331012258,3.7987648511256533,False,False,False,False,False,False
No.39WT,1354,9.399230068438598,7.253243587988986,False,False,False,False,False,False
No.39WT,1355,6.562634111603092,6.16752721317879,False,False,False,False,False,False
No.39WT,1356,3.521657774171987,3.1437449707606278,False,False,False,False,False,False
No.39WT,1357,5.29560938886778,2.9885645779437864,False,False,False,False,False,False
No.39WT,1358,3.350214251984105,2.634335380813934,False,False,False,False,False,False
No.39WT,1359,6.112093896955706,4.007437745669756,False,False,False,False,False,False
No.39WT,1360,4.093790725873512,3.581339813746013,False,False,False,False,False,False
No.39WT,1361,5.395158171895037,3.6894484744151885,False,False,False,False,False,False
No.39WT,1362,4.542350821124703,6.2497549236842564,False,False,False,False,False,False
No.39WT,1363,5.070377070285727,6.836743228895673,False,False,False,False,False,False
No.39WT,1364,6.299494177846394,3.095209021128074,False,False,False,False,False,False
No.39WT,1365,3.593321180625406,3.0655207811776037,False,False,False,False,False,False
No.39WT,1366,4.744962715652724,3.4601700132049227,False,False,False,False,False,False
No.39WT,1367,5.51271836603292,4.540570300749358,False,False,False,False,False,False
No.39WT,1368,4.289823248825908,3.6603410439362123,False,False,False,False,False,False
No.39WT,1369,4.983749688271297,5.798397492358188,False,False,False,False,False,False
No.39WT,1370,6.2342583408516,8.727343221191088,False,False,False,False,False,False
No.39WT,1371,4.485220043831362,4.7029573839965995,False,False,False,False,False,False
No.39WT,1372,5.382551834983587,4.587942517250755,False,False,False,False,False,False
No.39WT,1373,6.552710340495196,5.711262300540148,False,False,False,False,False,False
No.39WT,1374,7.960201534685812,9.499976886168977,False,False,False,False,False,False
No.39WT,1375,9.794267415672707,5.167858232520541,False,False,False,False,False,False
No.39WT,1376,7.521738496716005,4.4682396375438405,False,False,False,False,False,False
No.39WT,1377,6.740378893299532,7.036571056145814,False,False,False,False,False,False
No.39WT,1378,7.362515479417364,4.448737231325482,False,False,False,False,False,False
No.39WT,1379,6.5769777145884945,5.955279381012341,False,False,False,False,False,False
No.39WT,1380,7.04783062033254,3.6639192062950285,False,False,False,False,False,False
No.39WT,1381,5.381403282389826,4.026402030762141,False,False,False,False,False,False
No.39WT,1382,5.404004573550695,4.965384120693876,False,False,False,False,False,False
No.39WT,1383,7.127118065779571,5.936565296446889,False,False,False,False,False,False
No.39WT,1384,5.107898210498364,6.076140402184667,False,False,False,False,False,False
No.39WT,1385,5.153905837014721,4.860774530455441,False,False,False,False,False,False
No.39WT,1386,7.786822261682763,5.7701338332987815,False,False,False,False,False,False
No.39WT,1387,6.171485001366342,4.236710580671678,False,False,False,False,False,False
No.39WT,1388,5.4339311240003045,5.170333089856641,False,False,False,False,False,False
No.39WT,1389,5.981559005057419,5.637352625833307,False,False,False,False,False,False
No.39WT,1390,10.255597101094105,5.800247258784068,False,False,False,False,False,False
No.39WT,1391,6.124339592973367,4.2679903557223025,False,False,False,False,False,False
No.39WT,1392,4.725573032127445,4.7613925705713855,False,False,False,False,False,False
No.39WT,1393,6.639574356572319,6.85827597548998,False,False,False,False,False,False
No.39WT,1394,5.711100387073007,4.887351115422747,False,False,False,False,False,False
No.39WT,1395,10.044799333114135,7.482699278320499,False,False,False,False,False,False
No.39WT,1396,6.726921664367574,4.1922916539782005,False,False,False,False,False,False
No.39WT,1397,4.79194741809639,3.6682713744361455,False,False,False,False,False,False
No.39WT,1398,6.449864497135868,3.7186362271292945,False,False,False,False,False,False
No.39WT,1399,5.537354051725045,4.066360240380971,False,False,False,False,False,False
No.39WT,1400,5.751203340630238,4.742316450072158,False,False,False,False,False,False
No.39WT,1401,6.803216655317722,4.7682124919297575,False,False,False,False,False,False
No.39WT,1402,5.082205650530871,4.765681545492199,False,False,False,False,False,False
No.39WT,1403,4.7993437403270685,5.980994472978995,False,False,False,False,False,False
No.39WT,1404,5.339914055365057,6.796313495212687,False,False,False,False,False,False
No.39WT,1405,7.970651350896729,6.18870518348175,False,False,False,False,False,False
